segment_id,mean_risk_score,max_risk_score,chainage_start_km,chainage_end_km,direction,is_mainline,historical_accidents_365d,actual_test_accidents,risk_percentile,risk_category,risk_rank
YE_MAIN_SB_099,0.23608665,0.8694086,94.918,96.021,SB,True,0,0,100.0,CRITICAL_RISK,1
YE_MAIN_SB_050,0.23214875,0.83795553,46.954,48.132,SB,True,1,3,99.75308641975309,CRITICAL_RISK,2
YE_MAIN_SB_036,0.22857565,0.80716425,33.735,34.947,SB,True,0,0,99.50617283950616,CRITICAL_RISK,3
YE_MAIN_SB_019,0.21796867,0.81342185,18.248,19.471,SB,True,0,0,99.25925925925925,CRITICAL_RISK,4
YE_MAIN_NB_084,0.19240923,0.67528266,76.228,77.332,NB,True,0,0,99.01234567901234,CRITICAL_RISK,5
YE_MAIN_NB_083,0.18663551,0.7003954,75.124,76.228,NB,True,0,0,98.76543209876543,CRITICAL_RISK,6
YE_MAIN_NB_149,0.18605913,0.8538491,139.851,140.972,NB,True,0,0,98.51851851851852,CRITICAL_RISK,7
YE_MAIN_SB_038,0.17643699,0.7512099,35.013,36.173,SB,True,0,0,98.27160493827161,CRITICAL_RISK,8
YE_MAIN_SB_016,0.16467519,0.6858861,14.887,16.008,SB,True,0,0,98.0246913580247,CRITICAL_RISK,9
YE_MAIN_SB_017,0.15362693,0.83155054,16.008,17.128,SB,True,0,0,97.77777777777777,CRITICAL_RISK,10
YE_MAIN_SB_049,0.14999673,0.54041743,45.718,46.954,SB,True,0,0,97.53086419753086,CRITICAL_RISK,11
YE_MAIN_SB_028,0.14635022,0.55439657,27.316,28.396,SB,True,0,0,97.28395061728395,CRITICAL_RISK,12
YE_MAIN_SB_029,0.13176481,0.3742724,28.396,29.476,SB,True,0,0,97.03703703703704,CRITICAL_RISK,13
YE_MAIN_NB_086,0.13173912,0.37143135,78.436,79.541,NB,True,0,0,96.79012345679013,CRITICAL_RISK,14
YE_MAIN_SB_027,0.121456094,0.58898383,26.236,27.316,SB,True,0,0,96.54320987654322,CRITICAL_RISK,15
YE_MAIN_SB_101,0.11888402,0.66765827,97.124,98.227,SB,True,0,0,96.29629629629629,CRITICAL_RISK,16
YE_MAIN_SB_018,0.11752069,0.45287147,17.128,18.248,SB,True,0,0,96.04938271604938,CRITICAL_RISK,17
YE_MAIN_NB_016,0.112482905,0.4218144,11.72,12.788,NB,True,0,0,95.80246913580247,CRITICAL_RISK,18
YE_MAIN_NB_085,0.104321525,0.44374993,77.332,78.436,NB,True,0,0,95.55555555555556,CRITICAL_RISK,19
YE_MAIN_SB_100,0.10322001,0.499316,96.021,97.124,SB,True,0,0,95.30864197530863,CRITICAL_RISK,20
YE_MAIN_NB_015,0.10273918,0.44427586,10.651,11.72,NB,True,0,0,95.06172839506173,CRITICAL_RISK,21
YE_MAIN_NB_150,0.10096123,0.5193485,140.972,142.092,NB,True,0,0,94.81481481481482,HIGH_RISK,22
YE_MAIN_NB_017,0.10028553,0.41034713,12.788,13.857,NB,True,0,0,94.5679012345679,HIGH_RISK,23
YE_MAIN_SB_102,0.09667147,0.40246412,98.227,99.329,SB,True,0,0,94.32098765432099,HIGH_RISK,24
YE_MAIN_SB_035,0.09486732,0.33469206,32.403,33.735,SB,True,0,0,94.07407407407408,HIGH_RISK,25
YE_MAIN_SB_051,0.09323172,0.47334966,48.132,49.114,SB,True,0,0,93.82716049382715,HIGH_RISK,26
YE_MAIN_SB_048,0.08211571,0.68211704,44.481,45.718,SB,True,0,0,93.58024691358024,HIGH_RISK,27
YE_MAIN_NB_041,0.07852153,0.33778623,34.721,35.664,NB,True,0,0,93.33333333333333,HIGH_RISK,28
YE_MAIN_NB_056,0.072649285,0.51328737,49.564,50.513,NB,True,0,0,93.08641975308643,HIGH_RISK,29
YE_MAIN_SB_015,0.07185696,0.54541385,13.978,14.887,SB,True,1,2,92.8395061728395,HIGH_RISK,30
YE_MAIN_NB_072,0.07135733,0.53329533,65.268,66.197,NB,True,0,0,92.5925925925926,HIGH_RISK,31
YE_MAIN_SB_144,0.070742615,0.72147006,139.775,140.839,SB,True,0,0,92.34567901234568,HIGH_RISK,32
YE_MAIN_SB_012,0.06901801,0.33244145,11.251,12.16,SB,True,0,0,92.09876543209876,HIGH_RISK,33
YE_MAIN_NB_059,0.06875084,0.32534668,52.41,53.359,NB,True,0,0,91.85185185185185,HIGH_RISK,34
YE_MAIN_SB_057,0.06758286,0.38640434,54.025,55.007,SB,True,0,0,91.60493827160494,HIGH_RISK,35
YE_MAIN_NB_060,0.06751676,0.41764572,53.359,54.308,NB,True,0,0,91.35802469135803,HIGH_RISK,36
YE_MAIN_NB_135,0.0648624,0.40568644,126.328,127.498,NB,True,0,0,91.11111111111111,HIGH_RISK,37
YE_MAIN_NB_039,0.06081526,0.34731865,32.714,33.657,NB,True,0,0,90.8641975308642,HIGH_RISK,38
YE_MAIN_NB_036,0.05949305,0.5733276,29.887,30.829,NB,True,0,0,90.61728395061729,HIGH_RISK,39
YE_MAIN_NB_042,0.05647515,0.3329548,35.664,36.637,NB,True,0,0,90.37037037037037,HIGH_RISK,40
YE_MAIN_SB_069,0.056225188,0.3901941,66.149,67.028,SB,True,0,0,90.12345679012346,HIGH_RISK,41
YE_MAIN_SB_058,0.055769216,0.31164426,55.007,55.982,SB,True,0,0,89.87654320987654,HIGH_RISK,42
YE_MAIN_SB_062,0.055576418,0.36834365,58.909,59.885,SB,True,0,0,89.62962962962962,HIGH_RISK,43
YE_MAIN_SB_145,0.055387333,0.33260962,140.839,141.851,SB,True,0,0,89.38271604938272,HIGH_RISK,44
YE_MAIN_SB_104,0.054553725,0.27455747,100.292,101.254,SB,True,0,0,89.13580246913581,HIGH_RISK,45
YE_MAIN_NB_020,0.054399893,0.34139338,15.777,16.736,NB,True,0,0,88.88888888888889,HIGH_RISK,46
YE_MAIN_NB_046,0.05423638,0.44014198,39.557,40.561,NB,True,0,0,88.64197530864197,HIGH_RISK,47
YE_MAIN_NB_035,0.054176982,0.24573827,28.913,29.887,NB,True,0,0,88.39506172839506,HIGH_RISK,48
YE_MAIN_NB_032,0.053575873,0.19095327,26.931,27.995,NB,True,1,3,88.14814814814815,HIGH_RISK,49
YE_MAIN_SB_068,0.053245675,0.5245909,65.085,66.149,SB,True,0,0,87.90123456790123,HIGH_RISK,50
YE_MAIN_SB_025,0.052794863,0.62086076,24.56,25.577,SB,True,0,0,87.65432098765432,HIGH_RISK,51
YE_MAIN_NB_024,0.052413628,0.2897164,19.616,20.576,NB,True,0,0,87.4074074074074,HIGH_RISK,52
YE_MAIN_SB_059,0.052346755,0.49110124,55.982,56.958,SB,True,0,0,87.1604938271605,HIGH_RISK,53
YE_MAIN_NB_065,0.052174978,0.27207765,58.319,59.322,NB,True,0,0,86.91358024691358,HIGH_RISK,54
YE_MAIN_NB_057,0.051598527,0.4159117,50.513,51.461,NB,True,0,0,86.66666666666667,HIGH_RISK,55
YE_MAIN_SB_054,0.051253773,0.3592105,51.078,52.06,SB,True,0,0,86.41975308641975,HIGH_RISK,56
YE_MAIN_SB_047,0.05069931,0.37476835,43.498,44.481,SB,True,0,0,86.17283950617283,HIGH_RISK,57
YE_MAIN_NB_048,0.05034341,0.29343575,41.564,42.568,NB,True,0,0,85.92592592592592,HIGH_RISK,58
YE_MAIN_SB_106,0.050071504,0.3032906,102.216,103.179,SB,True,1,3,85.67901234567901,HIGH_RISK,59
YE_MAIN_SB_075,0.049736455,0.37664258,71.651,72.643,SB,True,1,0,85.4320987654321,HIGH_RISK,60
YE_MAIN_SB_071,0.04969578,0.3366276,67.908,68.787,SB,True,0,0,85.18518518518519,HIGH_RISK,61
YE_MAIN_SB_055,0.04939211,0.4014374,52.06,53.043,SB,True,0,0,84.93827160493828,MODERATE_RISK,62
YE_MAIN_SB_053,0.04818503,0.39225525,50.096,51.078,SB,True,0,0,84.69135802469135,MODERATE_RISK,63
YE_MAIN_SB_064,0.04786965,0.3382081,60.925,61.965,SB,True,0,0,84.44444444444444,MODERATE_RISK,64
YE_MAIN_NB_064,0.04780374,0.31138596,57.317,58.319,NB,True,0,0,84.19753086419753,MODERATE_RISK,65
YE_MAIN_NB_038,0.047478598,0.3700654,31.772,32.714,NB,True,0,0,83.9506172839506,MODERATE_RISK,66
YE_MAIN_NB_068,0.047303528,0.29444808,61.452,62.517,NB,True,1,0,83.7037037037037,MODERATE_RISK,67
YE_MAIN_NB_050,0.047071908,0.6684938,43.572,44.576,NB,True,0,0,83.4567901234568,MODERATE_RISK,68
YE_MAIN_NB_070,0.046879053,0.30381298,63.582,64.646,NB,True,0,0,83.20987654320989,MODERATE_RISK,69
YE_MAIN_NB_047,0.04675484,0.5446555,40.561,41.564,NB,True,0,0,82.96296296296296,MODERATE_RISK,70
YE_MAIN_SB_079,0.046455547,0.524075,75.619,76.611,SB,True,0,0,82.71604938271605,MODERATE_RISK,71
YE_MAIN_NB_051,0.046397977,0.6940681,44.576,45.573,NB,True,0,0,82.46913580246914,MODERATE_RISK,72
YE_MAIN_SB_052,0.046283867,0.2431343,49.114,50.096,SB,True,0,0,82.22222222222221,MODERATE_RISK,73
YE_MAIN_SB_112,0.046153944,0.2514031,107.719,109.181,SB,True,1,0,81.9753086419753,MODERATE_RISK,74
YE_MAIN_SB_056,0.04563391,0.26768744,53.043,54.025,SB,True,0,0,81.72839506172839,MODERATE_RISK,75
YE_MAIN_NB_023,0.045159414,0.28388512,18.656,19.616,NB,True,0,0,81.48148148148148,MODERATE_RISK,76
YE_MAIN_SB_061,0.04413473,0.3896935,57.934,58.909,SB,True,0,0,81.23456790123457,MODERATE_RISK,77
YE_MAIN_SB_070,0.043850183,0.28789932,67.028,67.908,SB,True,0,0,80.98765432098766,MODERATE_RISK,78
YE_MAIN_NB_137,0.043527726,0.11838896,128.73,129.961,NB,True,1,3,80.74074074074075,MODERATE_RISK,79
YE_MAIN_SB_040,0.04347184,0.38425303,37.124,38.075,SB,True,0,0,80.49382716049382,MODERATE_RISK,80
YE_MAIN_NB_067,0.042503115,0.32099432,60.387,61.452,NB,True,0,0,80.24691358024691,MODERATE_RISK,81
YE_MAIN_SB_072,0.041606985,0.19209199,68.787,69.667,SB,True,0,0,80.0,MODERATE_RISK,82
YE_MAIN_SB_044,0.041281227,0.32520783,40.549,41.532,SB,True,0,0,79.75308641975309,MODERATE_RISK,83
YE_MAIN_NB_019,0.041194044,0.28046986,14.817,15.777,NB,True,0,0,79.50617283950618,MODERATE_RISK,84
YE_MAIN_SB_067,0.040820893,0.34918353,64.045,65.085,SB,True,0,0,79.25925925925927,MODERATE_RISK,85
YE_MAIN_NB_037,0.04056077,0.30776367,30.829,31.772,NB,True,0,0,79.01234567901234,MODERATE_RISK,86
YE_MAIN_SB_042,0.040442728,0.3747091,38.583,39.566,SB,True,0,0,78.76543209876543,MODERATE_RISK,87
YE_MAIN_SB_045,0.03993754,0.22967431,41.532,42.515,SB,True,0,0,78.51851851851852,MODERATE_RISK,88
YE_MAIN_SB_014,0.03989004,0.21114746,13.069,13.978,SB,True,0,0,78.2716049382716,MODERATE_RISK,89
YE_MAIN_SB_039,0.039765995,0.25682583,36.173,37.124,SB,True,0,0,78.02469135802468,MODERATE_RISK,90
YE_MAIN_NB_031,0.03967037,0.19635408,25.867,26.931,NB,True,0,0,77.77777777777779,MODERATE_RISK,91
YE_MAIN_NB_058,0.03961314,0.37900984,51.461,52.41,NB,True,0,0,77.53086419753087,MODERATE_RISK,92
YE_MAIN_NB_136,0.039558947,0.14465743,127.498,128.73,NB,True,0,0,77.28395061728395,MODERATE_RISK,93
YE_MAIN_NB_061,0.039176986,0.26269487,54.308,55.311,NB,True,0,0,77.03703703703704,MODERATE_RISK,94
YE_MAIN_SB_086,0.038724918,0.31930727,82.563,83.555,SB,True,0,0,76.79012345679013,MODERATE_RISK,95
YE_MAIN_NB_077,0.038418647,0.17754851,69.795,70.837,NB,True,0,0,76.5432098765432,MODERATE_RISK,96
YE_MAIN_SB_103,0.037702344,0.44501513,99.329,100.292,SB,True,0,0,76.29629629629629,MODERATE_RISK,97
YE_MAIN_SB_140,0.037327554,0.5833922,135.852,136.822,SB,True,0,0,76.04938271604938,MODERATE_RISK,98
YE_MAIN_SB_060,0.037186332,0.21952634,56.958,57.934,SB,True,0,0,75.80246913580247,MODERATE_RISK,99
YE_MAIN_NB_026,0.036404002,0.31467867,21.536,22.476,NB,True,0,0,75.55555555555556,MODERATE_RISK,100
YE_MAIN_SB_043,0.03608,0.3771627,39.566,40.549,SB,True,0,0,75.30864197530865,MODERATE_RISK,101
YE_MAIN_SB_046,0.0358014,0.32965842,42.515,43.498,SB,True,0,0,75.06172839506173,MODERATE_RISK,102
YE_MAIN_NB_052,0.03495972,0.17161006,45.573,46.571,NB,True,0,0,74.81481481481481,MODERATE_RISK,103
YE_MAIN_NB_063,0.03472716,0.22595845,56.314,57.317,NB,True,0,0,74.5679012345679,MODERATE_RISK,104
YE_MAIN_SB_020,0.03471331,0.5261697,19.471,20.489,SB,True,0,0,74.32098765432099,MODERATE_RISK,105
YE_MAIN_SB_074,0.034638133,0.3071207,70.659,71.651,SB,True,0,0,74.07407407407408,MODERATE_RISK,106
YE_MAIN_NB_021,0.03452993,0.2832093,16.736,17.696,NB,True,0,0,73.82716049382717,MODERATE_RISK,107
YE_MAIN_SB_021,0.034283657,0.15914485,20.489,21.507,SB,True,0,0,73.58024691358025,MODERATE_RISK,108
YE_MAIN_SB_065,0.034245454,0.27049938,61.965,63.005,SB,True,0,0,73.33333333333333,MODERATE_RISK,109
YE_MAIN_SB_063,0.03420223,0.46477497,59.885,60.925,SB,True,0,0,73.08641975308642,MODERATE_RISK,110
YE_MAIN_NB_079,0.03419718,0.2033352,71.879,72.921,NB,True,0,0,72.8395061728395,MODERATE_RISK,111
YE_MAIN_SB_146,0.034087896,0.22352955,141.851,142.862,SB,True,0,0,72.5925925925926,MODERATE_RISK,112
YE_MAIN_NB_040,0.034039803,0.16893926,33.657,34.721,NB,True,0,0,72.34567901234567,MODERATE_RISK,113
YE_MAIN_NB_018,0.033945788,0.20132057,13.857,14.817,NB,True,0,0,72.09876543209876,MODERATE_RISK,114
YE_MAIN_NB_066,0.033702955,0.17276594,59.322,60.387,NB,True,0,0,71.85185185185186,MODERATE_RISK,115
YE_MAIN_NB_054,0.03320901,0.28211972,47.569,48.566,NB,True,0,0,71.60493827160494,MODERATE_RISK,116
YE_MAIN_SB_013,0.03310576,0.15933058,12.16,13.069,SB,True,0,0,71.35802469135803,MODERATE_RISK,117
YE_MAIN_SB_030,0.03305335,0.2755426,29.476,30.542,SB,True,0,0,71.11111111111111,MODERATE_RISK,118
YE_MAIN_NB_148,0.032723404,0.46524125,139.032,139.851,NB,True,0,0,70.86419753086419,MODERATE_RISK,119
YE_MAIN_SB_105,0.032628093,0.16701888,101.254,102.216,SB,True,0,0,70.61728395061728,MODERATE_RISK,120
YE_MAIN_SB_077,0.03253054,0.17177878,73.635,74.627,SB,True,0,0,70.37037037037037,MODERATE_RISK,121
YE_MAIN_NB_022,0.032171033,0.27683133,17.696,18.656,NB,True,0,0,70.12345679012346,MODERATE_RISK,122
YE_MAIN_SB_022,0.031863313,0.31183952,21.507,22.524,SB,True,1,3,69.87654320987654,LOW_RISK,123
YE_MAIN_NB_028,0.03170042,0.2816185,23.416,24.356,NB,True,0,0,69.62962962962963,LOW_RISK,124
YE_MAIN_SB_031,0.03157752,0.20137627,30.542,31.609,SB,True,0,0,69.38271604938272,LOW_RISK,125
YE_MAIN_NB_073,0.031413566,0.3330173,66.197,66.954,NB,True,0,0,69.1358024691358,LOW_RISK,126
YE_MAIN_NB_102,0.03125116,0.22735317,93.865,94.856,NB,True,0,0,68.88888888888889,LOW_RISK,127
YE_MAIN_NB_055,0.031202583,0.20795186,48.566,49.564,NB,True,0,0,68.64197530864197,LOW_RISK,128
YE_MAIN_NB_076,0.030998174,0.1454289,68.753,69.795,NB,True,0,0,68.39506172839506,LOW_RISK,129
YE_MAIN_NB_027,0.030917976,0.21795557,22.476,23.416,NB,True,0,0,68.14814814814815,LOW_RISK,130
YE_MAIN_SB_170,0.030606443,0.39439222,164.02,164.832,SB,True,0,0,67.90123456790124,LOW_RISK,131
YE_MAIN_NB_025,0.030334275,0.2771411,20.576,21.536,NB,True,0,0,67.65432098765433,LOW_RISK,132
YE_MAIN_SB_024,0.030135958,0.23887497,23.542,24.56,SB,True,0,0,67.4074074074074,LOW_RISK,133
YE_MAIN_NB_049,0.029766388,0.25355637,42.568,43.572,NB,True,0,0,67.1604938271605,LOW_RISK,134
YE_MAIN_NB_071,0.029707903,0.16561036,64.646,65.268,NB,True,0,0,66.91358024691358,LOW_RISK,135
YE_MAIN_SB_073,0.029499922,0.37077156,69.667,70.659,SB,True,0,0,66.66666666666666,LOW_RISK,136
YE_MAIN_SB_076,0.029378515,0.27366877,72.643,73.635,SB,True,0,0,66.41975308641975,LOW_RISK,137
YE_MAIN_NB_053,0.02922009,0.18727754,46.571,47.569,NB,True,0,0,66.17283950617285,LOW_RISK,138
YE_MAIN_SB_095,0.029098453,0.19865888,91.492,92.484,SB,True,0,0,65.92592592592592,LOW_RISK,139
YE_MAIN_SB_097,0.02895179,0.13467574,93.476,94.468,SB,True,0,0,65.67901234567901,LOW_RISK,140
YE_MAIN_NB_103,0.028835949,0.15028861,94.856,95.847,NB,True,0,0,65.4320987654321,LOW_RISK,141
YE_MAIN_SB_066,0.027685987,0.16851588,63.005,64.045,SB,True,0,0,65.18518518518519,LOW_RISK,142
YE_MAIN_NB_062,0.027583065,0.16446762,55.311,56.314,NB,True,0,0,64.93827160493827,LOW_RISK,143
YE_RAMP_039,0.027085252,0.12608299,-1.0,,SB,False,0,0,64.69135802469135,LOW_RISK,144
YE_MAIN_NB_145,0.026977254,0.19257155,136.382,137.297,NB,True,0,0,64.44444444444444,LOW_RISK,145
YE_RAMP_006,0.02643761,0.124245726,-1.0,,NB,False,0,0,64.19753086419753,LOW_RISK,146
YE_MAIN_SB_109,0.026429232,0.17437144,105.103,106.066,SB,True,0,0,63.95061728395062,LOW_RISK,147
YE_MAIN_NB_044,0.026217677,0.23771034,37.61,38.584,NB,True,1,3,63.70370370370371,LOW_RISK,148
YE_MAIN_NB_080,0.026134998,0.09516338,72.921,73.963,NB,True,0,0,63.456790123456784,LOW_RISK,149
YE_MAIN_SB_174,0.02601636,0.18906695,166.803,167.722,SB,True,0,0,63.20987654320987,LOW_RISK,150
YE_MAIN_NB_078,0.02586197,0.14417939,70.837,71.879,NB,True,0,0,62.96296296296296,LOW_RISK,151
YE_MAIN_NB_139,0.02571028,0.42782676,130.947,131.934,NB,True,0,0,62.71604938271606,LOW_RISK,152
YE_MAIN_SB_082,0.024959657,0.10273014,78.595,79.587,SB,True,0,0,62.46913580246913,LOW_RISK,153
YE_MAIN_SB_128,0.024941435,0.19526842,123.93,124.876,SB,True,0,0,62.22222222222222,LOW_RISK,154
YE_RAMP_038,0.024725601,0.09873068,-1.0,,NB,False,0,0,61.97530864197531,LOW_RISK,155
YE_MAIN_SB_089,0.02472433,0.1259443,85.54,86.532,SB,True,1,0,61.72839506172839,LOW_RISK,156
YE_MAIN_SB_023,0.024507113,0.31823757,22.524,23.542,SB,True,0,0,61.48148148148148,LOW_RISK,157
YE_MAIN_NB_081,0.024386825,0.09495145,73.963,74.49,NB,True,0,0,61.23456790123457,LOW_RISK,158
YE_MAIN_NB_043,0.024002826,0.21119152,36.637,37.61,NB,True,0,0,60.98765432098765,LOW_RISK,159
YE_MAIN_NB_069,0.023957303,0.09533776,62.517,63.582,NB,True,0,0,60.74074074074074,LOW_RISK,160
YE_MAIN_SB_176,0.023754306,0.4197968,168.642,169.561,SB,True,0,0,60.49382716049383,LOW_RISK,161
YE_MAIN_SB_142,0.023645006,0.25282347,137.793,138.764,SB,True,0,0,60.24691358024692,LOW_RISK,162
YE_MAIN_SB_091,0.023612032,0.12126,87.524,88.516,SB,True,1,3,60.0,LOW_RISK,163
YE_MAIN_NB_091,0.023381367,0.17552541,82.963,83.954,NB,True,0,0,59.75308641975309,LOW_RISK,164
YE_MAIN_SB_090,0.023118353,0.18530542,86.532,87.524,SB,True,0,0,59.50617283950618,LOW_RISK,165
YE_MAIN_NB_173,0.02281876,0.16096866,162.829,163.934,NB,True,0,0,59.25925925925925,LOW_RISK,166
YE_MAIN_SB_080,0.022816151,0.11857977,76.611,77.603,SB,True,0,0,59.01234567901235,LOW_RISK,167
YE_MAIN_SB_126,0.02276266,0.27261466,122.037,122.984,SB,True,0,0,58.76543209876544,LOW_RISK,168
YE_MAIN_NB_090,0.022717485,0.090440005,81.972,82.963,NB,True,0,0,58.51851851851851,LOW_RISK,169
YE_MAIN_NB_106,0.022495493,0.36857274,97.829,98.82,NB,True,0,0,58.2716049382716,LOW_RISK,170
YE_MAIN_NB_075,0.022325894,0.08731223,67.711,68.753,NB,True,0,0,58.0246913580247,LOW_RISK,171
YE_MAIN_SB_125,0.022294387,0.20188753,121.091,122.037,SB,True,0,0,57.77777777777777,LOW_RISK,172
YE_MAIN_NB_169,0.02229162,0.070891984,158.483,159.681,NB,True,0,0,57.53086419753086,LOW_RISK,173
YE_MAIN_NB_147,0.022284662,0.30003676,138.213,139.032,NB,True,0,0,57.28395061728395,LOW_RISK,174
YE_MAIN_NB_030,0.022164827,0.13006376,24.803,25.867,NB,True,0,0,57.03703703703704,LOW_RISK,175
YE_MAIN_NB_088,0.021692758,0.12571353,79.99,80.981,NB,True,0,0,56.79012345679012,LOW_RISK,176
YE_MAIN_NB_176,0.02153958,0.09164573,166.143,167.247,NB,True,0,0,56.54320987654321,LOW_RISK,177
YE_MAIN_NB_082,0.021515913,0.06834133,74.49,75.124,NB,True,0,0,56.2962962962963,LOW_RISK,178
YE_MAIN_NB_110,0.02148585,0.1253176,101.793,102.784,NB,True,0,0,56.04938271604938,LOW_RISK,179
YE_MAIN_NB_089,0.02135893,0.083789974,80.981,81.972,NB,True,0,0,55.80246913580247,LOW_RISK,180
YE_MAIN_SB_127,0.021293363,0.12633687,122.984,123.93,SB,True,0,0,55.55555555555556,LOW_RISK,181
YE_MAIN_SB_139,0.021166017,0.2014709,134.881,135.852,SB,True,0,0,55.30864197530864,LOW_RISK,182
YE_MAIN_SB_148,0.020903861,0.28852427,143.874,144.845,SB,True,0,0,55.06172839506173,LOW_RISK,183
YE_MAIN_SB_096,0.02086162,0.20061402,92.484,93.476,SB,True,1,3,54.81481481481482,LOW_RISK,184
YE_MAIN_NB_167,0.020785635,0.13722368,156.133,157.285,NB,True,0,0,54.567901234567906,LOW_RISK,185
YE_MAIN_SB_037,0.02061357,0.12612712,34.947,35.013,SB,True,0,0,54.32098765432099,LOW_RISK,186
YE_MAIN_SB_088,0.02057549,0.22644912,84.548,85.54,SB,True,0,0,54.074074074074076,LOW_RISK,187
YE_MAIN_NB_174,0.020363826,0.158121,163.934,165.038,NB,True,0,0,53.827160493827165,LOW_RISK,188
YE_MAIN_SB_004,0.020270983,0.13541012,3.175,4.233,SB,True,0,0,53.58024691358024,LOW_RISK,189
YE_MAIN_SB_011,0.020138815,0.19167337,10.342,11.251,SB,True,0,0,53.333333333333336,LOW_RISK,190
YE_MAIN_NB_045,0.020086205,0.09850954,38.584,39.557,NB,True,0,0,53.086419753086425,LOW_RISK,191
YE_MAIN_SB_084,0.019977752,0.1660762,80.579,81.571,SB,True,1,0,52.8395061728395,LOW_RISK,192
YE_MAIN_NB_154,0.019906046,0.30568522,142.847,143.914,NB,True,0,0,52.59259259259259,LOW_RISK,193
YE_MAIN_NB_098,0.019784113,0.07930936,89.901,90.892,NB,True,0,0,52.345679012345684,LOW_RISK,194
YE_MAIN_NB_138,0.01967915,0.28394702,129.961,130.947,NB,True,0,0,52.09876543209877,LOW_RISK,195
YE_MAIN_SB_083,0.019565213,0.16490574,79.587,80.579,SB,True,0,0,51.85185185185185,LOW_RISK,196
YE_MAIN_NB_104,0.01944169,0.14234926,95.847,96.838,NB,True,0,0,51.60493827160494,LOW_RISK,197
YE_MAIN_SB_137,0.019411732,0.13442005,132.878,133.879,SB,True,0,0,51.358024691358025,LOW_RISK,198
YE_MAIN_NB_168,0.019359069,0.07297983,157.285,158.483,NB,True,0,0,51.11111111111111,LOW_RISK,199
YE_MAIN_SB_160,0.01921907,0.3214872,153.632,154.625,SB,True,0,0,50.864197530864196,LOW_RISK,200
YE_MAIN_NB_074,0.019186849,0.07572304,66.954,67.711,NB,True,0,0,50.617283950617285,LOW_RISK,201
YE_MAIN_NB_094,0.019128168,0.15118185,85.936,86.928,NB,True,0,0,50.37037037037037,LOW_RISK,202
YE_MAIN_SB_087,0.018972429,0.12029333,83.555,84.548,SB,True,0,0,50.123456790123456,LOW_RISK,203
YE_MAIN_NB_166,0.018798465,0.108363844,154.98,156.133,NB,True,0,0,49.876543209876544,LOW_RISK,204
YE_MAIN_SB_168,0.018770698,0.10170108,161.728,162.874,SB,True,0,0,49.629629629629626,LOW_RISK,205
YE_MAIN_SB_163,0.01875415,0.16895907,156.61,157.603,SB,True,0,0,49.382716049382715,LOW_RISK,206
YE_MAIN_SB_007,0.018726926,0.13035548,6.349,7.348,SB,True,0,0,49.135802469135804,LOW_RISK,207
YE_MAIN_NB_127,0.01872397,0.15114506,118.471,119.449,NB,True,0,0,48.888888888888886,LOW_RISK,208
YE_MAIN_SB_129,0.018720241,0.17079526,124.876,125.876,SB,True,0,0,48.641975308641975,LOW_RISK,209
YE_MAIN_NB_123,0.018578578,0.08320964,114.562,115.539,NB,True,0,0,48.39506172839506,LOW_RISK,210
YE_MAIN_SB_156,0.017991733,0.18921818,150.073,151.109,SB,True,0,0,48.148148148148145,LOW_RISK,211
YE_MAIN_SB_093,0.017965406,0.11566001,89.508,90.5,SB,True,0,0,47.901234567901234,LOW_RISK,212
YE_MAIN_SB_092,0.017897353,0.12675929,88.516,89.508,SB,True,0,0,47.654320987654316,LOW_RISK,213
YE_MAIN_SB_134,0.01777625,0.30630493,129.873,130.875,SB,True,0,0,47.40740740740741,LOW_RISK,214
YE_MAIN_NB_093,0.017751236,0.087530814,84.945,85.936,NB,True,0,0,47.160493827160494,LOW_RISK,215
YE_MAIN_SB_173,0.017708987,0.15528956,165.884,166.803,SB,True,0,0,46.913580246913575,LOW_RISK,216
YE_MAIN_SB_032,0.017534463,0.19466954,31.609,31.912,SB,True,0,0,46.666666666666664,LOW_RISK,217
YE_MAIN_NB_175,0.017480897,0.14355461,165.038,166.143,NB,True,0,0,46.41975308641975,LOW_RISK,218
YE_MAIN_SB_138,0.017294494,0.30630493,133.879,134.881,SB,True,0,0,46.17283950617284,LOW_RISK,219
YE_MAIN_SB_167,0.017122865,0.082344174,160.582,161.728,SB,True,0,0,45.925925925925924,LOW_RISK,220
YE_MAIN_NB_124,0.017067092,0.14206667,115.539,116.517,NB,True,1,0,45.67901234567901,LOW_RISK,221
YE_MAIN_SB_179,0.01702306,0.056670237,171.321,172.409,SB,True,0,0,45.4320987654321,LOW_RISK,222
YE_MAIN_NB_146,0.016994033,0.0712829,137.297,138.213,NB,True,0,0,45.18518518518518,LOW_RISK,223
YE_MAIN_SB_078,0.016815234,0.043610282,74.627,75.619,SB,True,0,0,44.93827160493827,LOW_RISK,224
YE_MAIN_SB_162,0.0167793,0.3214872,155.618,156.61,SB,True,0,0,44.69135802469136,LOW_RISK,225
YE_MAIN_SB_169,0.016657334,0.115785226,162.874,164.02,SB,True,0,0,44.44444444444444,LOW_RISK,226
YE_MAIN_NB_034,0.01664355,0.10443792,28.308,28.913,NB,True,0,0,44.19753086419753,LOW_RISK,227
YE_MAIN_SB_141,0.016575601,0.10002253,136.822,137.793,SB,True,0,0,43.95061728395061,LOW_RISK,228
YE_MAIN_SB_175,0.016491879,0.11304813,167.722,168.642,SB,True,0,0,43.7037037037037,LOW_RISK,229
YE_MAIN_SB_131,0.01639393,0.0862896,126.875,127.874,SB,True,0,0,43.45679012345679,LOW_RISK,230
YE_MAIN_NB_157,0.016388878,0.07635257,146.06,147.14,NB,True,0,0,43.20987654320987,LOW_RISK,231
YE_MAIN_NB_113,0.016219966,0.08187151,104.766,105.606,NB,True,0,0,42.96296296296296,LOW_RISK,232
YE_MAIN_SB_107,0.01616158,0.1929902,103.179,104.141,SB,True,0,0,42.71604938271605,LOW_RISK,233
YE_MAIN_SB_085,0.016065584,0.07761484,81.571,82.563,SB,True,0,0,42.46913580246914,LOW_RISK,234
YE_MAIN_SB_110,0.015955111,0.11183549,106.066,107.028,SB,True,0,0,42.22222222222222,LOW_RISK,235
YE_MAIN_SB_124,0.01585519,0.15755743,120.144,121.091,SB,True,1,0,41.9753086419753,LOW_RISK,236
YE_MAIN_SB_122,0.015809162,0.09965934,118.141,119.143,SB,True,0,0,41.7283950617284,LOW_RISK,237
YE_MAIN_SB_094,0.015774217,0.050632223,90.5,91.492,SB,True,0,0,41.48148148148148,LOW_RISK,238
YE_MAIN_NB_141,0.015534947,0.20916547,132.92,133.907,NB,True,0,0,41.23456790123457,LOW_RISK,239
YE_MAIN_SB_154,0.015521404,0.07647634,148.559,149.623,SB,True,0,0,40.98765432098765,LOW_RISK,240
YE_MAIN_SB_108,0.015495673,0.10961522,104.141,105.103,SB,True,0,0,40.74074074074074,LOW_RISK,241
YE_MAIN_NB_109,0.015468663,0.05461257,100.802,101.793,NB,True,0,0,40.49382716049383,LOW_RISK,242
YE_MAIN_NB_125,0.015455395,0.06124914,116.517,117.494,NB,True,0,0,40.24691358024691,LOW_RISK,243
YE_MAIN_NB_142,0.015450799,0.11749063,133.907,134.893,NB,True,0,0,40.0,LOW_RISK,244
YE_MAIN_NB_126,0.015118223,0.12301054,117.494,118.471,NB,True,0,0,39.75308641975309,LOW_RISK,245
YE_MAIN_NB_096,0.014998901,0.0549911,87.919,88.91,NB,True,0,0,39.50617283950617,LOW_RISK,246
YE_MAIN_NB_100,0.014922291,0.04392046,91.883,92.874,NB,True,0,0,39.25925925925926,LOW_RISK,247
YE_MAIN_SB_150,0.014899347,0.09719439,145.856,146.92,SB,True,0,0,39.01234567901234,LOW_RISK,248
YE_MAIN_SB_178,0.0148463445,0.06585702,170.232,171.321,SB,True,0,0,38.76543209876544,LOW_RISK,249
YE_MAIN_NB_179,0.014764707,0.14244914,169.297,170.322,NB,True,0,0,38.51851851851852,LOW_RISK,250
YE_MAIN_NB_114,0.014750157,0.15370435,105.606,106.447,NB,True,0,0,38.2716049382716,LOW_RISK,251
YE_MAIN_NB_092,0.014704008,0.07285216,83.954,84.945,NB,True,0,0,38.02469135802469,LOW_RISK,252
YE_MAIN_NB_156,0.014620111,0.05320388,144.981,146.06,NB,True,0,0,37.77777777777778,LOW_RISK,253
YE_MAIN_NB_131,0.0144619495,0.10843237,122.397,123.38,NB,True,0,0,37.53086419753087,LOW_RISK,254
YE_MAIN_SB_171,0.01442479,0.34367698,164.832,164.964,SB,True,0,0,37.28395061728395,LOW_RISK,255
YE_MAIN_NB_183,0.0142285805,0.22585167,173.396,174.421,NB,True,0,0,37.03703703703704,LOW_RISK,256
YE_MAIN_NB_006,0.014131801,0.12177748,2.983,3.899,NB,True,1,0,36.79012345679013,LOW_RISK,257
YE_MAIN_NB_115,0.014131216,0.071408056,106.447,107.287,NB,True,0,0,36.54320987654321,LOW_RISK,258
YE_MAIN_SB_147,0.014117961,0.06278936,142.862,143.874,SB,True,0,0,36.2962962962963,LOW_RISK,259
YE_MAIN_NB_097,0.014091038,0.06847315,88.91,89.901,NB,True,0,0,36.04938271604938,LOW_RISK,260
YE_MAIN_SB_002,0.014086444,0.26691422,1.058,2.116,SB,True,0,0,35.80246913580247,LOW_RISK,261
YE_MAIN_SB_177,0.014078064,0.360373,169.561,170.232,SB,True,0,0,35.55555555555556,LOW_RISK,262
YE_MAIN_SB_033,0.014003844,0.09712884,31.912,31.942,SB,True,0,0,35.30864197530864,LOW_RISK,263
YE_MAIN_NB_101,0.013925548,0.07930936,92.874,93.865,NB,True,0,0,35.06172839506173,LOW_RISK,264
YE_MAIN_NB_158,0.013848619,0.048713725,147.14,148.219,NB,True,0,0,34.81481481481482,LOW_RISK,265
YE_MAIN_NB_134,0.01383082,0.063840955,125.345,126.328,NB,True,0,0,34.5679012345679,LOW_RISK,266
YE_MAIN_SB_133,0.013620173,0.06288711,128.874,129.873,SB,True,0,0,34.32098765432099,LOW_RISK,267
YE_MAIN_NB_108,0.013446688,0.047115307,99.811,100.802,NB,True,1,3,34.074074074074076,LOW_RISK,268
YE_MAIN_SB_010,0.013356214,0.12095583,9.344,10.342,SB,True,0,0,33.827160493827165,LOW_RISK,269
YE_MAIN_SB_009,0.013329956,0.07463529,8.346,9.344,SB,True,0,0,33.58024691358025,LOW_RISK,270
YE_MAIN_SB_149,0.012961417,0.10777031,144.845,145.856,SB,True,0,0,33.33333333333333,LOW_RISK,271
YE_MAIN_NB_099,0.012911819,0.054501876,90.892,91.883,NB,True,0,0,33.086419753086425,LOW_RISK,272
YE_MAIN_SB_114,0.01286016,0.06765457,109.803,110.87,SB,True,0,0,32.839506172839506,LOW_RISK,273
YE_MAIN_SB_081,0.012828315,0.05814307,77.603,78.595,SB,True,0,0,32.592592592592595,LOW_RISK,274
YE_MAIN_SB_005,0.012722041,0.078930736,4.233,5.291,SB,True,1,0,32.34567901234568,LOW_RISK,275
YE_MAIN_NB_007,0.012697462,0.041985765,3.899,4.816,NB,True,0,0,32.098765432098766,LOW_RISK,276
YE_MAIN_NB_132,0.0125172315,0.04857675,123.38,124.363,NB,True,0,0,31.851851851851855,LOW_RISK,277
YE_MAIN_SB_034,0.01243026,0.070199266,31.942,32.403,SB,True,0,0,31.604938271604937,LOW_RISK,278
YE_MAIN_NB_130,0.01214744,0.08372817,121.414,122.397,NB,True,0,0,31.35802469135803,LOW_RISK,279
YE_MAIN_NB_095,0.012137799,0.062162723,86.928,87.919,NB,True,0,0,31.11111111111111,LOW_RISK,280
YE_MAIN_SB_041,0.012006193,0.115401655,38.075,38.583,SB,True,1,0,30.864197530864196,LOW_RISK,281
YE_MAIN_NB_155,0.011913788,0.2373693,143.914,144.981,NB,True,0,0,30.617283950617285,LOW_RISK,282
YE_MAIN_SB_172,0.01191307,0.07165996,164.964,165.884,SB,True,0,0,30.37037037037037,LOW_RISK,283
YE_MAIN_SB_130,0.011855648,0.059336454,125.876,126.875,SB,True,0,0,30.12345679012346,LOW_RISK,284
YE_MAIN_SB_117,0.011820797,0.032696314,113.003,114.069,SB,True,0,0,29.876543209876544,LOW_RISK,285
YE_MAIN_SB_115,0.011797056,0.1003903,110.87,111.936,SB,True,0,0,29.629629629629626,LOW_RISK,286
YE_MAIN_NB_133,0.011678622,0.06959849,124.363,125.345,NB,True,0,0,29.38271604938272,LOW_RISK,287
YE_MAIN_SB_123,0.011641149,0.057598002,119.143,120.144,SB,True,0,0,29.1358024691358,LOW_RISK,288
YE_MAIN_NB_107,0.011513727,0.033065133,98.82,99.811,NB,True,0,0,28.888888888888886,LOW_RISK,289
YE_MAIN_NB_140,0.011131626,0.030059706,131.934,132.92,NB,True,0,0,28.641975308641975,LOW_RISK,290
YE_MAIN_SB_008,0.011092185,0.035212003,7.348,8.346,SB,True,0,0,28.39506172839506,LOW_RISK,291
YE_MAIN_NB_129,0.011072353,0.04891549,120.432,121.414,NB,True,0,0,28.14814814814815,LOW_RISK,292
YE_MAIN_SB_116,0.011048867,0.08544684,111.936,113.003,SB,True,0,0,27.901234567901234,LOW_RISK,293
YE_MAIN_NB_180,0.01103098,0.15773953,170.322,171.346,NB,True,0,0,27.65432098765432,LOW_RISK,294
YE_MAIN_SB_132,0.010804077,0.07552304,127.874,128.874,SB,True,0,0,27.40740740740741,LOW_RISK,295
YE_MAIN_SB_006,0.010802267,0.10195156,5.291,6.349,SB,True,0,0,27.160493827160494,LOW_RISK,296
YE_MAIN_SB_161,0.010680295,0.09582939,154.625,155.618,SB,True,0,0,26.913580246913583,LOW_RISK,297
YE_MAIN_NB_014,0.010649779,0.049979746,9.722,10.651,NB,True,0,0,26.666666666666668,LOW_RISK,298
YE_MAIN_NB_087,0.010606797,0.053442705,79.541,79.99,NB,True,0,0,26.41975308641975,LOW_RISK,299
YE_MAIN_SB_143,0.010588319,0.06900064,138.764,139.775,SB,True,1,0,26.172839506172842,LOW_RISK,300
YE_MAIN_SB_136,0.010581312,0.039034788,131.876,132.878,SB,True,0,0,25.925925925925924,LOW_RISK,301
YE_MAIN_NB_009,0.010458802,0.0325433,5.329,6.37,NB,True,0,0,25.679012345679013,LOW_RISK,302
YE_MAIN_NB_033,0.010453262,0.057013277,27.995,28.308,NB,True,0,0,25.432098765432098,LOW_RISK,303
YE_MAIN_NB_105,0.010446712,0.03627636,96.838,97.829,NB,True,0,0,25.185185185185183,LOW_RISK,304
YE_MAIN_NB_119,0.010395419,0.072669506,110.399,111.44,NB,True,0,0,24.938271604938272,LOW_RISK,305
YE_MAIN_NB_172,0.010352682,0.08552068,161.78,162.829,NB,True,0,0,24.691358024691358,LOW_RISK,306
YE_MAIN_SB_118,0.010250257,0.060696233,114.069,115.136,SB,True,0,0,24.444444444444443,LOW_RISK,307
YE_MAIN_SB_119,0.010092649,0.06321661,115.136,116.138,SB,True,0,0,24.19753086419753,LOW_RISK,308
YE_MAIN_NB_011,0.010060856,0.0482347,7.412,8.453,NB,True,0,0,23.950617283950617,LOW_RISK,309
YE_MAIN_NB_177,0.010014961,0.06395173,167.247,168.272,NB,True,0,0,23.703703703703706,LOW_RISK,310
YE_MAIN_SB_180,0.0098815635,0.17721921,172.409,173.025,SB,True,0,0,23.456790123456788,LOW_RISK,311
YE_MAIN_NB_181,0.009826197,0.1049735,171.346,172.371,NB,True,0,0,23.209876543209877,LOW_RISK,312
YE_MAIN_SB_001,0.009798983,0.032623596,0.0,1.058,SB,True,0,0,22.962962962962962,LOW_RISK,313
YE_MAIN_NB_121,0.009734913,0.06390549,112.481,113.521,NB,True,0,0,22.71604938271605,LOW_RISK,314
YE_MAIN_NB_128,0.00970543,0.040660113,119.449,120.432,NB,True,0,0,22.469135802469136,LOW_RISK,315
YE_MAIN_NB_122,0.009466379,0.038394265,113.521,114.562,NB,True,0,0,22.22222222222222,LOW_RISK,316
YE_MAIN_NB_163,0.009448512,0.059682608,151.929,152.946,NB,True,0,0,21.975308641975307,LOW_RISK,317
YE_MAIN_SB_026,0.009397884,0.05527294,25.577,26.236,SB,True,0,0,21.728395061728396,LOW_RISK,318
YE_MAIN_SB_135,0.009348512,0.03983275,130.875,131.876,SB,True,0,0,21.48148148148148,LOW_RISK,319
YE_MAIN_NB_120,0.0092944885,0.07622357,111.44,112.481,NB,True,0,0,21.23456790123457,LOW_RISK,320
YE_MAIN_NB_112,0.009253911,0.08929539,103.775,104.766,NB,True,0,0,20.98765432098765,LOW_RISK,321
YE_MAIN_NB_182,0.009175283,0.08194466,172.371,173.396,NB,True,0,0,20.74074074074074,LOW_RISK,322
YE_MAIN_SB_003,0.009155612,0.045721836,2.116,3.175,SB,True,0,0,20.493827160493826,LOW_RISK,323
YE_MAIN_SB_121,0.009084012,0.059571873,117.139,118.141,SB,True,0,0,20.246913580246915,LOW_RISK,324
YE_MAIN_NB_117,0.009033417,0.03493292,108.324,109.358,NB,True,0,0,20.0,LOW_RISK,325
YE_MAIN_NB_178,0.008945971,0.040347703,168.272,169.297,NB,True,0,0,19.753086419753085,LOW_RISK,326
YE_MAIN_NB_118,0.008666287,0.072715566,109.358,110.399,NB,True,0,0,19.50617283950617,LOW_RISK,327
YE_MAIN_NB_010,0.008658844,0.037062615,6.37,7.412,NB,True,0,0,19.25925925925926,LOW_RISK,328
YE_MAIN_NB_111,0.008622123,0.06803508,102.784,103.775,NB,True,0,0,19.012345679012345,LOW_RISK,329
YE_MAIN_NB_165,0.008554059,0.041662734,153.963,154.98,NB,True,0,0,18.765432098765434,LOW_RISK,330
YE_MAIN_NB_143,0.008509904,0.07883127,134.893,135.88,NB,True,0,0,18.51851851851852,LOW_RISK,331
YE_MAIN_NB_005,0.008491502,0.05365508,2.066,2.983,NB,True,0,0,18.271604938271604,LOW_RISK,332
YE_MAIN_NB_144,0.008220392,0.13494197,135.88,136.382,NB,True,1,0,18.02469135802469,LOW_RISK,333
YE_MAIN_NB_152,0.008162727,0.07097417,142.509,142.543,NB,True,0,0,17.77777777777778,LOW_RISK,334
YE_MAIN_SB_151,0.008117113,0.041607413,146.92,147.357,SB,True,0,0,17.530864197530864,LOW_RISK,335
YE_MAIN_NB_162,0.007980033,0.029953266,150.912,151.929,NB,True,0,0,17.28395061728395,LOW_RISK,336
YE_MAIN_SB_153,0.0079009365,0.045948204,147.495,148.559,SB,True,1,3,17.037037037037038,LOW_RISK,337
YE_MAIN_SB_165,0.0077537997,0.045060404,158.596,159.589,SB,True,0,0,16.790123456790123,LOW_RISK,338
YE_MAIN_NB_170,0.0074987495,0.019790407,159.681,160.73,NB,True,0,0,16.543209876543212,LOW_RISK,339
YE_RAMP_024,0.0074316273,0.02888127,-1.0,,NB,False,0,0,16.296296296296298,LOW_RISK,340
YE_RAMP_037,0.007282325,0.02656765,-1.0,,NB,False,0,0,16.049382716049383,LOW_RISK,341
YE_MAIN_NB_160,0.0072266576,0.060195133,148.878,149.895,NB,True,0,0,15.802469135802468,LOW_RISK,342
YE_MAIN_SB_164,0.0072161723,0.039222248,157.603,158.596,SB,True,0,0,15.555555555555555,LOW_RISK,343
YE_MAIN_SB_159,0.0071061654,0.030830022,152.639,153.632,SB,True,0,0,15.308641975308642,LOW_RISK,344
YE_MAIN_NB_164,0.0070267254,0.033472598,152.946,153.963,NB,True,0,0,15.06172839506173,LOW_RISK,345
YE_MAIN_SB_157,0.0070170076,0.039629582,151.109,152.145,SB,True,0,0,14.814814814814813,LOW_RISK,346
YE_MAIN_NB_171,0.006979672,0.023603333,160.73,161.78,NB,True,0,0,14.5679012345679,LOW_RISK,347
YE_RAMP_036,0.0069568628,0.0362238,-1.0,,SB,False,0,0,14.320987654320987,LOW_RISK,348
YE_MAIN_SB_158,0.0068940166,0.05206368,152.145,152.639,SB,True,0,0,14.074074074074074,LOW_RISK,349
YE_RAMP_015,0.0067847036,0.042416524,-1.0,,SB,False,0,0,13.82716049382716,LOW_RISK,350
YE_MAIN_NB_116,0.0067440774,0.021960761,107.287,108.324,NB,True,0,0,13.580246913580247,LOW_RISK,351
YE_MAIN_NB_012,0.0067128013,0.037645873,8.453,9.495,NB,True,0,0,13.333333333333334,LOW_RISK,352
YE_MAIN_SB_181,0.0066604237,0.06656416,173.025,173.648,SB,True,0,0,13.086419753086421,LOW_RISK,353
YE_RAMP_035,0.0065940465,0.0324,-1.0,,SB,False,0,0,12.839506172839506,LOW_RISK,354
YE_MAIN_SB_120,0.0065386742,0.02637271,116.138,117.139,SB,True,0,0,12.592592592592592,LOW_RISK,355
YE_MAIN_SB_183,0.0064777615,0.11669235,174.233,174.499,SB,True,0,0,12.345679012345679,LOW_RISK,356
YE_MAIN_NB_161,0.0062107085,0.027990768,149.895,150.912,NB,True,0,0,12.098765432098766,LOW_RISK,357
YE_RAMP_034,0.005982732,0.020644566,-1.0,,NB,False,0,0,11.851851851851853,LOW_RISK,358
YE_MAIN_NB_029,0.0059053954,0.024676811,24.356,24.803,NB,True,0,0,11.604938271604938,LOW_RISK,359
YE_MAIN_SB_166,0.005667629,0.028386714,159.589,160.582,SB,True,0,0,11.358024691358025,LOW_RISK,360
YE_MAIN_NB_159,0.005520668,0.054279048,148.219,148.878,NB,True,0,0,11.11111111111111,LOW_RISK,361
YE_MAIN_SB_152,0.0053380197,0.018099967,147.357,147.495,SB,True,0,0,10.864197530864198,LOW_RISK,362
YE_MAIN_SB_098,0.0053208224,0.03699775,94.468,94.918,SB,True,0,0,10.617283950617285,LOW_RISK,363
YE_MAIN_SB_111,0.0051964466,0.022255888,107.028,107.719,SB,True,0,0,10.37037037037037,LOW_RISK,364
YE_MAIN_NB_008,0.004764641,0.04506183,4.816,5.329,NB,True,0,0,10.123456790123457,LOW_RISK,365
YE_MAIN_NB_151,0.0045893,0.020058906,142.092,142.509,NB,True,0,0,9.876543209876543,LOW_RISK,366
YE_MAIN_NB_003,0.0045296047,0.015000445,0.827,1.45,NB,True,0,0,9.62962962962963,LOW_RISK,367
YE_MAIN_SB_182,0.0044843084,0.04315372,173.648,174.233,SB,True,0,0,9.382716049382717,LOW_RISK,368
YE_MAIN_SB_113,0.0042127515,0.012599285,109.181,109.803,SB,True,0,0,9.135802469135802,LOW_RISK,369
YE_RAMP_021,0.0040650666,0.037724014,-1.0,,SB,False,0,0,8.88888888888889,LOW_RISK,370
YE_RAMP_023,0.003869795,0.018405214,-1.0,,SB,False,0,0,8.641975308641975,LOW_RISK,371
YE_MAIN_NB_002,0.0037818067,0.022851339,0.227,0.827,NB,True,0,0,8.395061728395062,LOW_RISK,372
YE_RAMP_027,0.003618521,0.017859207,-1.0,,NB,False,0,0,8.148148148148149,LOW_RISK,373
YE_MAIN_NB_153,0.0036060964,0.016916452,142.543,142.847,NB,True,0,0,7.901234567901234,LOW_RISK,374
YE_RAMP_020,0.0035843211,0.02056344,-1.0,,SB,False,0,0,7.654320987654321,LOW_RISK,375
YE_RAMP_022,0.0034754353,0.020183574,-1.0,,SB,False,0,0,7.4074074074074066,LOW_RISK,376
YE_MAIN_NB_004,0.0034557015,0.015555218,1.45,2.066,NB,True,1,2,7.160493827160494,LOW_RISK,377
YE_RAMP_003,0.0034336834,0.016038807,-1.0,,SB,False,0,0,6.91358024691358,LOW_RISK,378
YE_MAIN_NB_013,0.0034288673,0.010909143,9.495,9.722,NB,True,0,0,6.666666666666667,LOW_RISK,379
YE_RAMP_009,0.0033735437,0.050533857,-1.0,,NB,False,0,0,6.419753086419753,LOW_RISK,380
YE_RAMP_033,0.0032716806,0.013272475,-1.0,,NB,False,0,0,6.172839506172839,LOW_RISK,381
YE_MAIN_SB_155,0.0031551335,0.013054094,149.623,150.073,SB,True,0,0,5.9259259259259265,LOW_RISK,382
YE_MAIN_NB_001,0.0030267586,0.01254534,0.0,0.227,NB,True,0,0,5.679012345679013,LOW_RISK,383
YE_RAMP_028,0.0029939958,0.008940304,-1.0,,SB,False,0,0,5.432098765432099,LOW_RISK,384
YE_RAMP_012,0.0026905395,0.028443431,-1.0,,NB,False,0,0,5.185185185185185,LOW_RISK,385
YE_RAMP_001,0.0026866335,0.01944332,-1.0,,NB,False,0,0,4.938271604938271,LOW_RISK,386
YE_RAMP_030,0.0026805068,0.00731835,-1.0,,SB,False,0,0,4.691358024691358,LOW_RISK,387
YE_RAMP_004,0.0025100359,0.016180517,-1.0,,NB,False,0,0,4.444444444444445,LOW_RISK,388
YE_RAMP_016,0.002505935,0.009049622,-1.0,,NB,False,0,0,4.197530864197531,LOW_RISK,389
YE_RAMP_010,0.0024824578,0.016378447,-1.0,,NB,False,0,0,3.950617283950617,LOW_RISK,390
YE_RAMP_013,0.0024753374,0.010695574,-1.0,,NB,False,0,0,3.7037037037037033,LOW_RISK,391
YE_RAMP_032,0.002431995,0.009019657,-1.0,,SB,False,0,0,3.45679012345679,LOW_RISK,392
YE_RAMP_031,0.0024105415,0.0073002963,-1.0,,NB,False,0,0,3.2098765432098766,LOW_RISK,393
YE_RAMP_029,0.002375075,0.009047621,-1.0,,SB,False,0,0,2.9629629629629632,LOW_RISK,394
YE_RAMP_018,0.0023461746,0.00818501,-1.0,,SB,False,0,0,2.7160493827160495,LOW_RISK,395
YE_RAMP_002,0.0022780031,0.008459338,-1.0,,SB,False,0,0,2.4691358024691357,LOW_RISK,396
YE_RAMP_007,0.0022701996,0.0059503694,-1.0,,NB,False,0,0,2.2222222222222223,LOW_RISK,397
YE_RAMP_019,0.002212526,0.0076864036,-1.0,,SB,False,0,0,1.9753086419753085,LOW_RISK,398
YE_RAMP_025,0.0021943378,0.0067882277,-1.0,,SB,False,0,0,1.728395061728395,LOW_RISK,399
YE_RAMP_011,0.0021732629,0.005686214,-1.0,,NB,False,0,0,1.4814814814814816,LOW_RISK,400
YE_RAMP_008,0.0021554716,0.011392725,-1.0,,NB,False,0,0,1.2345679012345678,LOW_RISK,401
YE_RAMP_005,0.0021441346,0.008551484,-1.0,,SB,False,0,0,0.9876543209876543,LOW_RISK,402
YE_RAMP_017,0.0021191374,0.0116398,-1.0,,NB,False,0,0,0.7407407407407408,LOW_RISK,403
YE_RAMP_014,0.0020818752,0.006932165,-1.0,,NB,False,0,0,0.49382716049382713,LOW_RISK,404
YE_RAMP_026,0.0019048285,0.0063685416,-1.0,,NB,False,0,0,0.24691358024691357,LOW_RISK,405
