segment_id,direction,is_mainline,is_ramp,chainage_start_km,chainage_end_km,length_m,assigned_weather_node,weather_node_name,weather_node_lat,weather_node_lon,weather_node_distance_m,weather_mapping_method
YE_MAIN_SB_001,SB,True,False,0.0,1.058,1058.239351416506,WN_01_GREATER_NOIDA,Greater Noida (Zero Point Anchor),28.448,77.502,454.2,NEAREST_CORRIDOR_WEATHER_NODE
YE_MAIN_SB_002,SB,True,False,1.058,2.116,1058.2393514167452,WN_01_GREATER_NOIDA,Greater Noida (Zero Point Anchor),28.448,77.502,1449.31,NEAREST_CORRIDOR_WEATHER_NODE
YE_MAIN_SB_003,SB,True,False,2.116,3.175,1058.2393514166008,WN_01_GREATER_NOIDA,Greater Noida (Zero Point Anchor),28.448,77.502,2499.29,NEAREST_CORRIDOR_WEATHER_NODE
YE_MAIN_SB_004,SB,True,False,3.175,4.233,1058.2393514165599,WN_01_GREATER_NOIDA,Greater Noida (Zero Point Anchor),28.448,77.502,3556.59,NEAREST_CORRIDOR_WEATHER_NODE
YE_MAIN_SB_005,SB,True,False,4.233,5.291,1058.2393514162598,WN_01_GREATER_NOIDA,Greater Noida (Zero Point Anchor),28.448,77.502,4613.19,NEAREST_CORRIDOR_WEATHER_NODE
YE_MAIN_SB_006,SB,True,False,5.291,6.349,1058.23935141677,WN_01_GREATER_NOIDA,Greater Noida (Zero Point Anchor),28.448,77.502,5669.39,NEAREST_CORRIDOR_WEATHER_NODE
YE_MAIN_SB_007,SB,True,False,6.349,7.348,998.1926267017178,WN_01_GREATER_NOIDA,Greater Noida (Zero Point Anchor),28.448,77.502,6696.37,NEAREST_CORRIDOR_WEATHER_NODE
YE_MAIN_SB_008,SB,True,False,7.348,8.346,998.1926267016755,WN_01_GREATER_NOIDA,Greater Noida (Zero Point Anchor),28.448,77.502,7692.5,NEAREST_CORRIDOR_WEATHER_NODE
YE_MAIN_SB_009,SB,True,False,8.346,9.344,998.1926267016757,WN_01_GREATER_NOIDA,Greater Noida (Zero Point Anchor),28.448,77.502,8684.42,NEAREST_CORRIDOR_WEATHER_NODE
YE_MAIN_SB_010,SB,True,False,9.344,10.342,998.192626701708,WN_01_GREATER_NOIDA,Greater Noida (Zero Point Anchor),28.448,77.502,9677.18,NEAREST_CORRIDOR_WEATHER_NODE
YE_MAIN_SB_011,SB,True,False,10.342,11.251,908.991581849044,WN_01_GREATER_NOIDA,Greater Noida (Zero Point Anchor),28.448,77.502,10626.37,NEAREST_CORRIDOR_WEATHER_NODE
YE_MAIN_SB_012,SB,True,False,11.251,12.16,908.9915818488496,WN_01_GREATER_NOIDA,Greater Noida (Zero Point Anchor),28.448,77.502,11531.88,NEAREST_CORRIDOR_WEATHER_NODE
YE_MAIN_SB_013,SB,True,False,12.16,13.069,908.9915818490057,WN_01_GREATER_NOIDA,Greater Noida (Zero Point Anchor),28.448,77.502,12437.94,NEAREST_CORRIDOR_WEATHER_NODE
YE_MAIN_SB_014,SB,True,False,13.069,13.978,908.9915818486985,WN_01_GREATER_NOIDA,Greater Noida (Zero Point Anchor),28.448,77.502,13344.4,NEAREST_CORRIDOR_WEATHER_NODE
YE_MAIN_SB_015,SB,True,False,13.978,14.887,908.9915818491895,WN_01_GREATER_NOIDA,Greater Noida (Zero Point Anchor),28.448,77.502,14251.32,NEAREST_CORRIDOR_WEATHER_NODE
YE_MAIN_SB_016,SB,True,False,14.887,16.008,1120.402240335291,WN_01_GREATER_NOIDA,Greater Noida (Zero Point Anchor),28.448,77.502,15263.88,NEAREST_CORRIDOR_WEATHER_NODE
YE_MAIN_SB_017,SB,True,False,16.008,17.128,1120.4022403352346,WN_01_GREATER_NOIDA,Greater Noida (Zero Point Anchor),28.448,77.502,16382.22,NEAREST_CORRIDOR_WEATHER_NODE
YE_MAIN_SB_018,SB,True,False,17.128,18.248,1120.40224033499,WN_02_JEWAR,Jewar (Airport & Toll Anchor),28.1465,77.585,17033.38,NEAREST_CORRIDOR_WEATHER_NODE
YE_MAIN_SB_019,SB,True,False,18.248,19.471,1222.9053899336714,WN_02_JEWAR,Jewar (Airport & Toll Anchor),28.1465,77.585,15870.64,NEAREST_CORRIDOR_WEATHER_NODE
YE_MAIN_SB_020,SB,True,False,19.471,20.489,1017.6862962364471,WN_02_JEWAR,Jewar (Airport & Toll Anchor),28.1465,77.585,14760.45,NEAREST_CORRIDOR_WEATHER_NODE
YE_MAIN_SB_021,SB,True,False,20.489,21.507,1017.6862962359371,WN_02_JEWAR,Jewar (Airport & Toll Anchor),28.1465,77.585,13750.06,NEAREST_CORRIDOR_WEATHER_NODE
YE_MAIN_SB_022,SB,True,False,21.507,22.524,1017.6862962362055,WN_02_JEWAR,Jewar (Airport & Toll Anchor),28.1465,77.585,12736.84,NEAREST_CORRIDOR_WEATHER_NODE
YE_MAIN_SB_023,SB,True,False,22.524,23.542,1017.6862962362677,WN_02_JEWAR,Jewar (Airport & Toll Anchor),28.1465,77.585,11728.75,NEAREST_CORRIDOR_WEATHER_NODE
YE_MAIN_SB_024,SB,True,False,23.542,24.56,1017.6862962363729,WN_02_JEWAR,Jewar (Airport & Toll Anchor),28.1465,77.585,10721.04,NEAREST_CORRIDOR_WEATHER_NODE
YE_MAIN_SB_025,SB,True,False,24.56,25.577,1017.6862962363165,WN_02_JEWAR,Jewar (Airport & Toll Anchor),28.1465,77.585,9717.8,NEAREST_CORRIDOR_WEATHER_NODE
YE_MAIN_SB_026,SB,True,False,25.577,26.236,659.04859727228,WN_02_JEWAR,Jewar (Airport & Toll Anchor),28.1465,77.585,8892.89,NEAREST_CORRIDOR_WEATHER_NODE
YE_MAIN_SB_027,SB,True,False,26.236,27.316,1079.6917625921205,WN_02_JEWAR,Jewar (Airport & Toll Anchor),28.1465,77.585,8039.88,NEAREST_CORRIDOR_WEATHER_NODE
YE_MAIN_SB_028,SB,True,False,27.316,28.396,1079.69176259234,WN_02_JEWAR,Jewar (Airport & Toll Anchor),28.1465,77.585,6986.35,NEAREST_CORRIDOR_WEATHER_NODE
YE_MAIN_SB_029,SB,True,False,28.396,29.476,1079.6917625924268,WN_02_JEWAR,Jewar (Airport & Toll Anchor),28.1465,77.585,5944.23,NEAREST_CORRIDOR_WEATHER_NODE
YE_MAIN_SB_030,SB,True,False,29.476,30.542,1066.7470241302497,WN_02_JEWAR,Jewar (Airport & Toll Anchor),28.1465,77.585,4951.54,NEAREST_CORRIDOR_WEATHER_NODE
YE_MAIN_SB_031,SB,True,False,30.542,31.609,1066.747024130098,WN_02_JEWAR,Jewar (Airport & Toll Anchor),28.1465,77.585,4031.54,NEAREST_CORRIDOR_WEATHER_NODE
YE_MAIN_SB_032,SB,True,False,31.609,31.912,303.1661964726257,WN_02_JEWAR,Jewar (Airport & Toll Anchor),28.1465,77.585,3392.84,NEAREST_CORRIDOR_WEATHER_NODE
YE_MAIN_SB_033,SB,True,False,31.912,31.942,30.282178505001458,WN_02_JEWAR,Jewar (Airport & Toll Anchor),28.1465,77.585,3233.61,NEAREST_CORRIDOR_WEATHER_NODE
YE_MAIN_SB_034,SB,True,False,31.942,32.403,460.82141594824327,WN_02_JEWAR,Jewar (Airport & Toll Anchor),28.1465,77.585,3004.5,NEAREST_CORRIDOR_WEATHER_NODE
YE_MAIN_SB_035,SB,True,False,32.403,33.735,1331.8270457366086,WN_02_JEWAR,Jewar (Airport & Toll Anchor),28.1465,77.585,2205.95,NEAREST_CORRIDOR_WEATHER_NODE
YE_MAIN_SB_036,SB,True,False,33.735,34.947,1212.1485775105552,WN_02_JEWAR,Jewar (Airport & Toll Anchor),28.1465,77.585,1336.9,NEAREST_CORRIDOR_WEATHER_NODE
YE_MAIN_SB_037,SB,True,False,34.947,35.013,65.8656934716438,WN_02_JEWAR,Jewar (Airport & Toll Anchor),28.1465,77.585,1231.99,NEAREST_CORRIDOR_WEATHER_NODE
YE_MAIN_SB_038,SB,True,False,35.013,36.173,1160.2143836941382,WN_02_JEWAR,Jewar (Airport & Toll Anchor),28.1465,77.585,1424.31,NEAREST_CORRIDOR_WEATHER_NODE
YE_MAIN_SB_039,SB,True,False,36.173,37.124,950.7402785096752,WN_02_JEWAR,Jewar (Airport & Toll Anchor),28.1465,77.585,2154.68,NEAREST_CORRIDOR_WEATHER_NODE
YE_MAIN_SB_040,SB,True,False,37.124,38.075,950.740278510105,WN_02_JEWAR,Jewar (Airport & Toll Anchor),28.1465,77.585,2995.1,NEAREST_CORRIDOR_WEATHER_NODE
YE_MAIN_SB_041,SB,True,False,38.075,38.583,508.20328986221415,WN_02_JEWAR,Jewar (Airport & Toll Anchor),28.1465,77.585,3705.43,NEAREST_CORRIDOR_WEATHER_NODE
YE_MAIN_SB_042,SB,True,False,38.583,39.566,983.0612001542606,WN_02_JEWAR,Jewar (Airport & Toll Anchor),28.1465,77.585,4448.96,NEAREST_CORRIDOR_WEATHER_NODE
YE_MAIN_SB_043,SB,True,False,39.566,40.549,983.061200154317,WN_02_JEWAR,Jewar (Airport & Toll Anchor),28.1465,77.585,5429.19,NEAREST_CORRIDOR_WEATHER_NODE
YE_MAIN_SB_044,SB,True,False,40.549,41.532,983.0612001545421,WN_02_JEWAR,Jewar (Airport & Toll Anchor),28.1465,77.585,6409.95,NEAREST_CORRIDOR_WEATHER_NODE
YE_MAIN_SB_045,SB,True,False,41.532,42.515,983.0612001543009,WN_02_JEWAR,Jewar (Airport & Toll Anchor),28.1465,77.585,7380.31,NEAREST_CORRIDOR_WEATHER_NODE
YE_MAIN_SB_046,SB,True,False,42.515,43.498,983.0612001541481,WN_03_TAPPAL,Tappal (Aligarh Border Anchor),28.025,77.625,7435.21,NEAREST_CORRIDOR_WEATHER_NODE
YE_MAIN_SB_047,SB,True,False,43.498,44.481,983.0612001542509,WN_03_TAPPAL,Tappal (Aligarh Border Anchor),28.025,77.625,6533.12,NEAREST_CORRIDOR_WEATHER_NODE
YE_MAIN_SB_048,SB,True,False,44.481,45.718,1236.1312256887577,WN_03_TAPPAL,Tappal (Aligarh Border Anchor),28.025,77.625,5460.8,NEAREST_CORRIDOR_WEATHER_NODE
YE_MAIN_SB_049,SB,True,False,45.718,46.954,1236.1312256884487,WN_03_TAPPAL,Tappal (Aligarh Border Anchor),28.025,77.625,4285.71,NEAREST_CORRIDOR_WEATHER_NODE
YE_MAIN_SB_050,SB,True,False,46.954,48.132,1178.217055242006,WN_03_TAPPAL,Tappal (Aligarh Border Anchor),28.025,77.625,3388.81,NEAREST_CORRIDOR_WEATHER_NODE
YE_MAIN_SB_051,SB,True,False,48.132,49.114,982.1446606356105,WN_03_TAPPAL,Tappal (Aligarh Border Anchor),28.025,77.625,3087.45,NEAREST_CORRIDOR_WEATHER_NODE
YE_MAIN_SB_052,SB,True,False,49.114,50.096,982.1446606354597,WN_03_TAPPAL,Tappal (Aligarh Border Anchor),28.025,77.625,3109.9,NEAREST_CORRIDOR_WEATHER_NODE
YE_MAIN_SB_053,SB,True,False,50.096,51.078,982.1446606357194,WN_03_TAPPAL,Tappal (Aligarh Border Anchor),28.025,77.625,3244.92,NEAREST_CORRIDOR_WEATHER_NODE
YE_MAIN_SB_054,SB,True,False,51.078,52.06,982.1446606357824,WN_03_TAPPAL,Tappal (Aligarh Border Anchor),28.025,77.625,3501.8,NEAREST_CORRIDOR_WEATHER_NODE
YE_MAIN_SB_055,SB,True,False,52.06,53.043,982.1446606356141,WN_03_TAPPAL,Tappal (Aligarh Border Anchor),28.025,77.625,3875.13,NEAREST_CORRIDOR_WEATHER_NODE
YE_MAIN_SB_056,SB,True,False,53.043,54.025,982.1446606354633,WN_03_TAPPAL,Tappal (Aligarh Border Anchor),28.025,77.625,4587.18,NEAREST_CORRIDOR_WEATHER_NODE
YE_MAIN_SB_057,SB,True,False,54.025,55.007,982.1446606356693,WN_03_TAPPAL,Tappal (Aligarh Border Anchor),28.025,77.625,5487.54,NEAREST_CORRIDOR_WEATHER_NODE
YE_MAIN_SB_058,SB,True,False,55.007,55.982,975.6153937855752,WN_03_TAPPAL,Tappal (Aligarh Border Anchor),28.025,77.625,6421.75,NEAREST_CORRIDOR_WEATHER_NODE
YE_MAIN_SB_059,SB,True,False,55.982,56.958,975.6153937854839,WN_03_TAPPAL,Tappal (Aligarh Border Anchor),28.025,77.625,7319.98,NEAREST_CORRIDOR_WEATHER_NODE
YE_MAIN_SB_060,SB,True,False,56.958,57.934,975.6153937855763,WN_03_TAPPAL,Tappal (Aligarh Border Anchor),28.025,77.625,8117.05,NEAREST_CORRIDOR_WEATHER_NODE
YE_MAIN_SB_061,SB,True,False,57.934,58.909,975.6153937853213,WN_03_TAPPAL,Tappal (Aligarh Border Anchor),28.025,77.625,8903.86,NEAREST_CORRIDOR_WEATHER_NODE
YE_MAIN_SB_062,SB,True,False,58.909,59.885,975.6153937855852,WN_03_TAPPAL,Tappal (Aligarh Border Anchor),28.025,77.625,9761.47,NEAREST_CORRIDOR_WEATHER_NODE
YE_MAIN_SB_063,SB,True,False,59.885,60.925,1040.0614399578133,WN_03_TAPPAL,Tappal (Aligarh Border Anchor),28.025,77.625,10655.16,NEAREST_CORRIDOR_WEATHER_NODE
YE_MAIN_SB_064,SB,True,False,60.925,61.965,1040.0614399579465,WN_03_TAPPAL,Tappal (Aligarh Border Anchor),28.025,77.625,11582.07,NEAREST_CORRIDOR_WEATHER_NODE
YE_MAIN_SB_065,SB,True,False,61.965,63.005,1040.0614399578421,WN_03_TAPPAL,Tappal (Aligarh Border Anchor),28.025,77.625,12535.4,NEAREST_CORRIDOR_WEATHER_NODE
YE_MAIN_SB_066,SB,True,False,63.005,64.045,1040.0614399579365,WN_03_TAPPAL,Tappal (Aligarh Border Anchor),28.025,77.625,13501.48,NEAREST_CORRIDOR_WEATHER_NODE
YE_MAIN_SB_067,SB,True,False,64.045,65.085,1040.0614399578196,WN_03_TAPPAL,Tappal (Aligarh Border Anchor),28.025,77.625,14487.61,NEAREST_CORRIDOR_WEATHER_NODE
YE_MAIN_SB_068,SB,True,False,65.085,66.149,1063.8267107906363,WN_03_TAPPAL,Tappal (Aligarh Border Anchor),28.025,77.625,15469.07,NEAREST_CORRIDOR_WEATHER_NODE
YE_MAIN_SB_069,SB,True,False,66.149,67.028,879.3599708245551,WN_03_TAPPAL,Tappal (Aligarh Border Anchor),28.025,77.625,16341.01,NEAREST_CORRIDOR_WEATHER_NODE
YE_MAIN_SB_070,SB,True,False,67.028,67.908,879.3599708245482,WN_03_TAPPAL,Tappal (Aligarh Border Anchor),28.025,77.625,17005.37,NEAREST_CORRIDOR_WEATHER_NODE
YE_MAIN_SB_071,SB,True,False,67.908,68.787,879.3599708245976,WN_03_TAPPAL,Tappal (Aligarh Border Anchor),28.025,77.625,17593.11,NEAREST_CORRIDOR_WEATHER_NODE
YE_MAIN_SB_072,SB,True,False,68.787,69.667,879.3599708245501,WN_03_TAPPAL,Tappal (Aligarh Border Anchor),28.025,77.625,18198.53,NEAREST_CORRIDOR_WEATHER_NODE
YE_MAIN_SB_073,SB,True,False,69.667,70.659,992.0670000344061,WN_03_TAPPAL,Tappal (Aligarh Border Anchor),28.025,77.625,18895.23,NEAREST_CORRIDOR_WEATHER_NODE
YE_MAIN_SB_074,SB,True,False,70.659,71.651,992.0670000344048,WN_03_TAPPAL,Tappal (Aligarh Border Anchor),28.025,77.625,19783.42,NEAREST_CORRIDOR_WEATHER_NODE
YE_MAIN_SB_075,SB,True,False,71.651,72.643,992.0670000345112,WN_03_TAPPAL,Tappal (Aligarh Border Anchor),28.025,77.625,20724.04,NEAREST_CORRIDOR_WEATHER_NODE
YE_MAIN_SB_076,SB,True,False,72.643,73.635,992.0670000340892,WN_03_TAPPAL,Tappal (Aligarh Border Anchor),28.025,77.625,21673.8,NEAREST_CORRIDOR_WEATHER_NODE
YE_MAIN_SB_077,SB,True,False,73.635,74.627,992.0670000345302,WN_03_TAPPAL,Tappal (Aligarh Border Anchor),28.025,77.625,22655.99,NEAREST_CORRIDOR_WEATHER_NODE
YE_MAIN_SB_078,SB,True,False,74.627,75.619,992.0670000341811,WN_03_TAPPAL,Tappal (Aligarh Border Anchor),28.025,77.625,23635.01,NEAREST_CORRIDOR_WEATHER_NODE
YE_MAIN_SB_079,SB,True,False,75.619,76.611,992.0670000344688,WN_03_TAPPAL,Tappal (Aligarh Border Anchor),28.025,77.625,24540.32,NEAREST_CORRIDOR_WEATHER_NODE
YE_MAIN_SB_080,SB,True,False,76.611,77.603,992.0670000347402,WN_03_TAPPAL,Tappal (Aligarh Border Anchor),28.025,77.625,25356.61,NEAREST_CORRIDOR_WEATHER_NODE
YE_MAIN_SB_081,SB,True,False,77.603,78.595,992.0670000343548,WN_03_TAPPAL,Tappal (Aligarh Border Anchor),28.025,77.625,26173.92,NEAREST_CORRIDOR_WEATHER_NODE
YE_MAIN_SB_082,SB,True,False,78.595,79.587,992.0670000342203,WN_04_MATHURA_RAYA,Mathura / Raya (Yamuna Basin Anchor),27.568,77.785,26145.89,NEAREST_CORRIDOR_WEATHER_NODE
YE_MAIN_SB_083,SB,True,False,79.587,80.579,992.0670000345784,WN_04_MATHURA_RAYA,Mathura / Raya (Yamuna Basin Anchor),27.568,77.785,25262.37,NEAREST_CORRIDOR_WEATHER_NODE
YE_MAIN_SB_084,SB,True,False,80.579,81.571,992.0670000339754,WN_04_MATHURA_RAYA,Mathura / Raya (Yamuna Basin Anchor),27.568,77.785,24386.03,NEAREST_CORRIDOR_WEATHER_NODE
YE_MAIN_SB_085,SB,True,False,81.571,82.563,992.0670000346234,WN_04_MATHURA_RAYA,Mathura / Raya (Yamuna Basin Anchor),27.568,77.785,23519.36,NEAREST_CORRIDOR_WEATHER_NODE
YE_MAIN_SB_086,SB,True,False,82.563,83.555,992.0670000344995,WN_04_MATHURA_RAYA,Mathura / Raya (Yamuna Basin Anchor),27.568,77.785,22632.44,NEAREST_CORRIDOR_WEATHER_NODE
YE_MAIN_SB_087,SB,True,False,83.555,84.548,992.067000034206,WN_04_MATHURA_RAYA,Mathura / Raya (Yamuna Basin Anchor),27.568,77.785,21666.43,NEAREST_CORRIDOR_WEATHER_NODE
YE_MAIN_SB_088,SB,True,False,84.548,85.54,992.0670000342876,WN_04_MATHURA_RAYA,Mathura / Raya (Yamuna Basin Anchor),27.568,77.785,20675.12,NEAREST_CORRIDOR_WEATHER_NODE
YE_MAIN_SB_089,SB,True,False,85.54,86.532,992.0670000346413,WN_04_MATHURA_RAYA,Mathura / Raya (Yamuna Basin Anchor),27.568,77.785,19683.35,NEAREST_CORRIDOR_WEATHER_NODE
YE_MAIN_SB_090,SB,True,False,86.532,87.524,992.0670000344966,WN_04_MATHURA_RAYA,Mathura / Raya (Yamuna Basin Anchor),27.568,77.785,18691.64,NEAREST_CORRIDOR_WEATHER_NODE
YE_MAIN_SB_091,SB,True,False,87.524,88.516,992.067000034297,WN_04_MATHURA_RAYA,Mathura / Raya (Yamuna Basin Anchor),27.568,77.785,17699.93,NEAREST_CORRIDOR_WEATHER_NODE
YE_MAIN_SB_092,SB,True,False,88.516,89.508,992.067000034294,WN_04_MATHURA_RAYA,Mathura / Raya (Yamuna Basin Anchor),27.568,77.785,16708.34,NEAREST_CORRIDOR_WEATHER_NODE
YE_MAIN_SB_093,SB,True,False,89.508,90.5,992.067000034266,WN_04_MATHURA_RAYA,Mathura / Raya (Yamuna Basin Anchor),27.568,77.785,15718.47,NEAREST_CORRIDOR_WEATHER_NODE
YE_MAIN_SB_094,SB,True,False,90.5,91.492,992.0670000344383,WN_04_MATHURA_RAYA,Mathura / Raya (Yamuna Basin Anchor),27.568,77.785,14764.45,NEAREST_CORRIDOR_WEATHER_NODE
YE_MAIN_SB_095,SB,True,False,91.492,92.484,992.0670000344967,WN_04_MATHURA_RAYA,Mathura / Raya (Yamuna Basin Anchor),27.568,77.785,13855.16,NEAREST_CORRIDOR_WEATHER_NODE
YE_MAIN_SB_096,SB,True,False,92.484,93.476,992.0670000343149,WN_04_MATHURA_RAYA,Mathura / Raya (Yamuna Basin Anchor),27.568,77.785,12958.04,NEAREST_CORRIDOR_WEATHER_NODE
YE_MAIN_SB_097,SB,True,False,93.476,94.468,992.0670000344306,WN_04_MATHURA_RAYA,Mathura / Raya (Yamuna Basin Anchor),27.568,77.785,12074.47,NEAREST_CORRIDOR_WEATHER_NODE
YE_MAIN_SB_098,SB,True,False,94.468,94.918,450.22836866992407,WN_04_MATHURA_RAYA,Mathura / Raya (Yamuna Basin Anchor),27.568,77.785,11433.54,NEAREST_CORRIDOR_WEATHER_NODE
YE_MAIN_SB_099,SB,True,False,94.918,96.021,1102.7629724061694,WN_04_MATHURA_RAYA,Mathura / Raya (Yamuna Basin Anchor),27.568,77.785,10774.19,NEAREST_CORRIDOR_WEATHER_NODE
YE_MAIN_SB_100,SB,True,False,96.021,97.124,1102.7629724061594,WN_04_MATHURA_RAYA,Mathura / Raya (Yamuna Basin Anchor),27.568,77.785,9755.6,NEAREST_CORRIDOR_WEATHER_NODE
YE_MAIN_SB_101,SB,True,False,97.124,98.227,1102.7629724060523,WN_04_MATHURA_RAYA,Mathura / Raya (Yamuna Basin Anchor),27.568,77.785,8707.99,NEAREST_CORRIDOR_WEATHER_NODE
YE_MAIN_SB_102,SB,True,False,98.227,99.329,1102.7629724058477,WN_04_MATHURA_RAYA,Mathura / Raya (Yamuna Basin Anchor),27.568,77.785,7676.92,NEAREST_CORRIDOR_WEATHER_NODE
YE_MAIN_SB_103,SB,True,False,99.329,100.292,962.2951581629243,WN_04_MATHURA_RAYA,Mathura / Raya (Yamuna Basin Anchor),27.568,77.785,6730.12,NEAREST_CORRIDOR_WEATHER_NODE
YE_MAIN_SB_104,SB,True,False,100.292,101.254,962.2951581629516,WN_04_MATHURA_RAYA,Mathura / Raya (Yamuna Basin Anchor),27.568,77.785,5874.23,NEAREST_CORRIDOR_WEATHER_NODE
YE_MAIN_SB_105,SB,True,False,101.254,102.216,962.2951581630246,WN_04_MATHURA_RAYA,Mathura / Raya (Yamuna Basin Anchor),27.568,77.785,5056.77,NEAREST_CORRIDOR_WEATHER_NODE
YE_MAIN_SB_106,SB,True,False,102.216,103.179,962.2951581629137,WN_04_MATHURA_RAYA,Mathura / Raya (Yamuna Basin Anchor),27.568,77.785,4319.67,NEAREST_CORRIDOR_WEATHER_NODE
YE_MAIN_SB_107,SB,True,False,103.179,104.141,962.295158162581,WN_04_MATHURA_RAYA,Mathura / Raya (Yamuna Basin Anchor),27.568,77.785,3876.59,NEAREST_CORRIDOR_WEATHER_NODE
YE_MAIN_SB_108,SB,True,False,104.141,105.103,962.2951581630787,WN_04_MATHURA_RAYA,Mathura / Raya (Yamuna Basin Anchor),27.568,77.785,3756.16,NEAREST_CORRIDOR_WEATHER_NODE
YE_MAIN_SB_109,SB,True,False,105.103,106.066,962.2951581627841,WN_04_MATHURA_RAYA,Mathura / Raya (Yamuna Basin Anchor),27.568,77.785,3753.89,NEAREST_CORRIDOR_WEATHER_NODE
YE_MAIN_SB_110,SB,True,False,106.066,107.028,962.295158162962,WN_04_MATHURA_RAYA,Mathura / Raya (Yamuna Basin Anchor),27.568,77.785,3671.56,NEAREST_CORRIDOR_WEATHER_NODE
YE_MAIN_SB_111,SB,True,False,107.028,107.719,691.2057015865377,WN_04_MATHURA_RAYA,Mathura / Raya (Yamuna Basin Anchor),27.568,77.785,3644.29,NEAREST_CORRIDOR_WEATHER_NODE
YE_MAIN_SB_112,SB,True,False,107.719,109.181,1461.9189354469315,WN_04_MATHURA_RAYA,Mathura / Raya (Yamuna Basin Anchor),27.568,77.785,4063.95,NEAREST_CORRIDOR_WEATHER_NODE
YE_MAIN_SB_113,SB,True,False,109.181,109.803,622.2240936057068,WN_04_MATHURA_RAYA,Mathura / Raya (Yamuna Basin Anchor),27.568,77.785,4588.35,NEAREST_CORRIDOR_WEATHER_NODE
YE_MAIN_SB_114,SB,True,False,109.803,110.87,1066.5484938665456,WN_04_MATHURA_RAYA,Mathura / Raya (Yamuna Basin Anchor),27.568,77.785,5084.07,NEAREST_CORRIDOR_WEATHER_NODE
YE_MAIN_SB_115,SB,True,False,110.87,111.936,1066.5484938667355,WN_04_MATHURA_RAYA,Mathura / Raya (Yamuna Basin Anchor),27.568,77.785,5829.74,NEAREST_CORRIDOR_WEATHER_NODE
YE_MAIN_SB_116,SB,True,False,111.936,113.003,1066.54849386639,WN_04_MATHURA_RAYA,Mathura / Raya (Yamuna Basin Anchor),27.568,77.785,6662.66,NEAREST_CORRIDOR_WEATHER_NODE
YE_MAIN_SB_117,SB,True,False,113.003,114.069,1066.548493867071,WN_04_MATHURA_RAYA,Mathura / Raya (Yamuna Basin Anchor),27.568,77.785,7601.31,NEAREST_CORRIDOR_WEATHER_NODE
YE_MAIN_SB_118,SB,True,False,114.069,115.136,1066.548493866426,WN_04_MATHURA_RAYA,Mathura / Raya (Yamuna Basin Anchor),27.568,77.785,8649.88,NEAREST_CORRIDOR_WEATHER_NODE
YE_MAIN_SB_119,SB,True,False,115.136,116.138,1001.6961464969527,WN_04_MATHURA_RAYA,Mathura / Raya (Yamuna Basin Anchor),27.568,77.785,9682.55,NEAREST_CORRIDOR_WEATHER_NODE
YE_MAIN_SB_120,SB,True,False,116.138,117.139,1001.6961464971785,WN_04_MATHURA_RAYA,Mathura / Raya (Yamuna Basin Anchor),27.568,77.785,10682.91,NEAREST_CORRIDOR_WEATHER_NODE
YE_MAIN_SB_121,SB,True,False,117.139,118.141,1001.6961464971869,WN_04_MATHURA_RAYA,Mathura / Raya (Yamuna Basin Anchor),27.568,77.785,11683.63,NEAREST_CORRIDOR_WEATHER_NODE
YE_MAIN_SB_122,SB,True,False,118.141,119.143,1001.6961464970395,WN_04_MATHURA_RAYA,Mathura / Raya (Yamuna Basin Anchor),27.568,77.785,12684.56,NEAREST_CORRIDOR_WEATHER_NODE
YE_MAIN_SB_123,SB,True,False,119.143,120.144,1001.6961464971008,WN_04_MATHURA_RAYA,Mathura / Raya (Yamuna Basin Anchor),27.568,77.785,13684.88,NEAREST_CORRIDOR_WEATHER_NODE
YE_MAIN_SB_124,SB,True,False,120.144,121.091,946.3924977135971,WN_04_MATHURA_RAYA,Mathura / Raya (Yamuna Basin Anchor),27.568,77.785,14632.0,NEAREST_CORRIDOR_WEATHER_NODE
YE_MAIN_SB_125,SB,True,False,121.091,122.037,946.3924977132557,WN_04_MATHURA_RAYA,Mathura / Raya (Yamuna Basin Anchor),27.568,77.785,15477.78,NEAREST_CORRIDOR_WEATHER_NODE
YE_MAIN_SB_126,SB,True,False,122.037,122.984,946.3924977134207,WN_04_MATHURA_RAYA,Mathura / Raya (Yamuna Basin Anchor),27.568,77.785,16310.82,NEAREST_CORRIDOR_WEATHER_NODE
YE_MAIN_SB_127,SB,True,False,122.984,123.93,946.392497713503,WN_04_MATHURA_RAYA,Mathura / Raya (Yamuna Basin Anchor),27.568,77.785,17154.0,NEAREST_CORRIDOR_WEATHER_NODE
YE_MAIN_SB_128,SB,True,False,123.93,124.876,946.3924977133456,WN_04_MATHURA_RAYA,Mathura / Raya (Yamuna Basin Anchor),27.568,77.785,18000.29,NEAREST_CORRIDOR_WEATHER_NODE
YE_MAIN_SB_129,SB,True,False,124.876,125.876,999.311204809268,WN_04_MATHURA_RAYA,Mathura / Raya (Yamuna Basin Anchor),27.568,77.785,18758.46,NEAREST_CORRIDOR_WEATHER_NODE
YE_MAIN_SB_130,SB,True,False,125.876,126.875,999.3112048092349,WN_04_MATHURA_RAYA,Mathura / Raya (Yamuna Basin Anchor),27.568,77.785,19324.51,NEAREST_CORRIDOR_WEATHER_NODE
YE_MAIN_SB_131,SB,True,False,126.875,127.874,999.3112048094115,WN_04_MATHURA_RAYA,Mathura / Raya (Yamuna Basin Anchor),27.568,77.785,19932.18,NEAREST_CORRIDOR_WEATHER_NODE
YE_MAIN_SB_132,SB,True,False,127.874,128.874,999.3112048092917,WN_04_MATHURA_RAYA,Mathura / Raya (Yamuna Basin Anchor),27.568,77.785,20771.53,NEAREST_CORRIDOR_WEATHER_NODE
YE_MAIN_SB_133,SB,True,False,128.874,129.873,999.3112048090841,WN_04_MATHURA_RAYA,Mathura / Raya (Yamuna Basin Anchor),27.568,77.785,21726.29,NEAREST_CORRIDOR_WEATHER_NODE
YE_MAIN_SB_134,SB,True,False,129.873,130.875,1001.636307440942,WN_04_MATHURA_RAYA,Mathura / Raya (Yamuna Basin Anchor),27.568,77.785,22721.65,NEAREST_CORRIDOR_WEATHER_NODE
YE_MAIN_SB_135,SB,True,False,130.875,131.876,1001.6363074407017,WN_04_MATHURA_RAYA,Mathura / Raya (Yamuna Basin Anchor),27.568,77.785,23714.72,NEAREST_CORRIDOR_WEATHER_NODE
YE_MAIN_SB_136,SB,True,False,131.876,132.878,1001.6363074407844,WN_04_MATHURA_RAYA,Mathura / Raya (Yamuna Basin Anchor),27.568,77.785,24637.33,NEAREST_CORRIDOR_WEATHER_NODE
YE_MAIN_SB_137,SB,True,False,132.878,133.879,1001.6363074409403,WN_04_MATHURA_RAYA,Mathura / Raya (Yamuna Basin Anchor),27.568,77.785,25424.14,NEAREST_CORRIDOR_WEATHER_NODE
YE_MAIN_SB_138,SB,True,False,133.879,134.881,1001.636307440658,WN_04_MATHURA_RAYA,Mathura / Raya (Yamuna Basin Anchor),27.568,77.785,26188.2,NEAREST_CORRIDOR_WEATHER_NODE
YE_MAIN_SB_139,SB,True,False,134.881,135.852,970.6755519943372,WN_04_MATHURA_RAYA,Mathura / Raya (Yamuna Basin Anchor),27.568,77.785,26967.39,NEAREST_CORRIDOR_WEATHER_NODE
YE_MAIN_SB_140,SB,True,False,135.852,136.822,970.6755519941366,WN_04_MATHURA_RAYA,Mathura / Raya (Yamuna Basin Anchor),27.568,77.785,27807.78,NEAREST_CORRIDOR_WEATHER_NODE
YE_MAIN_SB_141,SB,True,False,136.822,137.793,970.6755519942108,WN_04_MATHURA_RAYA,Mathura / Raya (Yamuna Basin Anchor),27.568,77.785,28690.85,NEAREST_CORRIDOR_WEATHER_NODE
YE_MAIN_SB_142,SB,True,False,137.793,138.764,970.6755519940916,WN_04_MATHURA_RAYA,Mathura / Raya (Yamuna Basin Anchor),27.568,77.785,29542.95,NEAREST_CORRIDOR_WEATHER_NODE
YE_MAIN_SB_143,SB,True,False,138.764,139.775,1011.4749058818684,WN_05_AGRA_KUBERPUR,Agra / Kuberpur (Terminus Anchor),27.143,78.118,25040.35,NEAREST_CORRIDOR_WEATHER_NODE
YE_MAIN_SB_144,SB,True,False,139.775,140.839,1064.1485852354597,WN_05_AGRA_KUBERPUR,Agra / Kuberpur (Terminus Anchor),27.143,78.118,24376.93,NEAREST_CORRIDOR_WEATHER_NODE
YE_MAIN_SB_145,SB,True,False,140.839,141.851,1011.4749058818437,WN_05_AGRA_KUBERPUR,Agra / Kuberpur (Terminus Anchor),27.143,78.118,25654.04,NEAREST_CORRIDOR_WEATHER_NODE
YE_MAIN_SB_146,SB,True,False,141.851,142.862,1011.4749058817073,WN_05_AGRA_KUBERPUR,Agra / Kuberpur (Terminus Anchor),27.143,78.118,26293.6,NEAREST_CORRIDOR_WEATHER_NODE
YE_MAIN_SB_147,SB,True,False,142.862,143.874,1011.4749058818824,WN_05_AGRA_KUBERPUR,Agra / Kuberpur (Terminus Anchor),27.143,78.118,26954.66,NEAREST_CORRIDOR_WEATHER_NODE
YE_MAIN_SB_148,SB,True,False,143.874,144.845,970.6755519942957,WN_05_AGRA_KUBERPUR,Agra / Kuberpur (Terminus Anchor),27.143,78.118,28820.04,NEAREST_CORRIDOR_WEATHER_NODE
YE_MAIN_SB_149,SB,True,False,144.845,145.856,1011.4749058818168,WN_05_AGRA_KUBERPUR,Agra / Kuberpur (Terminus Anchor),27.143,78.118,27636.81,NEAREST_CORRIDOR_WEATHER_NODE
YE_MAIN_SB_150,SB,True,False,145.856,146.92,1064.14858523526,WN_05_AGRA_KUBERPUR,Agra / Kuberpur (Terminus Anchor),27.143,78.118,23485.02,NEAREST_CORRIDOR_WEATHER_NODE
YE_MAIN_SB_151,SB,True,False,146.92,147.357,436.6187043548264,WN_05_AGRA_KUBERPUR,Agra / Kuberpur (Terminus Anchor),27.143,78.118,28141.22,NEAREST_CORRIDOR_WEATHER_NODE
YE_MAIN_SB_152,SB,True,False,147.357,147.495,138.20320599541822,WN_05_AGRA_KUBERPUR,Agra / Kuberpur (Terminus Anchor),27.143,78.118,28347.78,NEAREST_CORRIDOR_WEATHER_NODE
YE_MAIN_SB_153,SB,True,False,147.495,148.559,1064.148585235361,WN_05_AGRA_KUBERPUR,Agra / Kuberpur (Terminus Anchor),27.143,78.118,22510.43,NEAREST_CORRIDOR_WEATHER_NODE
YE_MAIN_SB_154,SB,True,False,148.559,149.623,1064.1485852354524,WN_05_AGRA_KUBERPUR,Agra / Kuberpur (Terminus Anchor),27.143,78.118,21595.24,NEAREST_CORRIDOR_WEATHER_NODE
YE_MAIN_SB_155,SB,True,False,149.623,150.073,449.85201004454257,WN_05_AGRA_KUBERPUR,Agra / Kuberpur (Terminus Anchor),27.143,78.118,21061.33,NEAREST_CORRIDOR_WEATHER_NODE
YE_MAIN_SB_156,SB,True,False,150.073,151.109,1036.1005537969122,WN_05_AGRA_KUBERPUR,Agra / Kuberpur (Terminus Anchor),27.143,78.118,20591.35,NEAREST_CORRIDOR_WEATHER_NODE
YE_MAIN_SB_157,SB,True,False,151.109,152.145,1036.100553796859,WN_05_AGRA_KUBERPUR,Agra / Kuberpur (Terminus Anchor),27.143,78.118,19967.61,NEAREST_CORRIDOR_WEATHER_NODE
YE_MAIN_SB_158,SB,True,False,152.145,152.639,493.6128094787009,WN_05_AGRA_KUBERPUR,Agra / Kuberpur (Terminus Anchor),27.143,78.118,19489.3,NEAREST_CORRIDOR_WEATHER_NODE
YE_MAIN_SB_159,SB,True,False,152.639,153.632,992.8624612560205,WN_05_AGRA_KUBERPUR,Agra / Kuberpur (Terminus Anchor),27.143,78.118,18913.11,NEAREST_CORRIDOR_WEATHER_NODE
YE_MAIN_SB_160,SB,True,False,153.632,154.625,992.8624612561154,WN_05_AGRA_KUBERPUR,Agra / Kuberpur (Terminus Anchor),27.143,78.118,17989.66,NEAREST_CORRIDOR_WEATHER_NODE
YE_MAIN_SB_161,SB,True,False,154.625,155.618,992.8624612563295,WN_05_AGRA_KUBERPUR,Agra / Kuberpur (Terminus Anchor),27.143,78.118,17078.28,NEAREST_CORRIDOR_WEATHER_NODE
YE_MAIN_SB_162,SB,True,False,155.618,156.61,992.8624612561781,WN_05_AGRA_KUBERPUR,Agra / Kuberpur (Terminus Anchor),27.143,78.118,16199.5,NEAREST_CORRIDOR_WEATHER_NODE
YE_MAIN_SB_163,SB,True,False,156.61,157.603,992.8624612560586,WN_05_AGRA_KUBERPUR,Agra / Kuberpur (Terminus Anchor),27.143,78.118,15247.99,NEAREST_CORRIDOR_WEATHER_NODE
YE_MAIN_SB_164,SB,True,False,157.603,158.596,992.8624612560922,WN_05_AGRA_KUBERPUR,Agra / Kuberpur (Terminus Anchor),27.143,78.118,14390.07,NEAREST_CORRIDOR_WEATHER_NODE
YE_MAIN_SB_165,SB,True,False,158.596,159.589,992.8624612562252,WN_05_AGRA_KUBERPUR,Agra / Kuberpur (Terminus Anchor),27.143,78.118,13596.68,NEAREST_CORRIDOR_WEATHER_NODE
YE_MAIN_SB_166,SB,True,False,159.589,160.582,992.862461255959,WN_05_AGRA_KUBERPUR,Agra / Kuberpur (Terminus Anchor),27.143,78.118,12708.77,NEAREST_CORRIDOR_WEATHER_NODE
YE_MAIN_SB_167,SB,True,False,160.582,161.728,1146.0230034191623,WN_05_AGRA_KUBERPUR,Agra / Kuberpur (Terminus Anchor),27.143,78.118,11762.44,NEAREST_CORRIDOR_WEATHER_NODE
YE_MAIN_SB_168,SB,True,False,161.728,162.874,1146.0230034193314,WN_05_AGRA_KUBERPUR,Agra / Kuberpur (Terminus Anchor),27.143,78.118,10774.88,NEAREST_CORRIDOR_WEATHER_NODE
YE_MAIN_SB_169,SB,True,False,162.874,164.02,1146.0230034193269,WN_05_AGRA_KUBERPUR,Agra / Kuberpur (Terminus Anchor),27.143,78.118,9937.16,NEAREST_CORRIDOR_WEATHER_NODE
YE_MAIN_SB_170,SB,True,False,164.02,164.832,811.8130073715699,WN_05_AGRA_KUBERPUR,Agra / Kuberpur (Terminus Anchor),27.143,78.118,9394.05,NEAREST_CORRIDOR_WEATHER_NODE
YE_MAIN_SB_171,SB,True,False,164.832,164.964,132.60861703438843,WN_05_AGRA_KUBERPUR,Agra / Kuberpur (Terminus Anchor),27.143,78.118,9043.86,NEAREST_CORRIDOR_WEATHER_NODE
YE_MAIN_SB_172,SB,True,False,164.964,165.884,919.3534975759025,WN_05_AGRA_KUBERPUR,Agra / Kuberpur (Terminus Anchor),27.143,78.118,5905.93,NEAREST_CORRIDOR_WEATHER_NODE
YE_MAIN_SB_173,SB,True,False,165.884,166.803,919.3534975757223,WN_05_AGRA_KUBERPUR,Agra / Kuberpur (Terminus Anchor),27.143,78.118,5074.41,NEAREST_CORRIDOR_WEATHER_NODE
YE_MAIN_SB_174,SB,True,False,166.803,167.722,919.3534975755057,WN_05_AGRA_KUBERPUR,Agra / Kuberpur (Terminus Anchor),27.143,78.118,4163.99,NEAREST_CORRIDOR_WEATHER_NODE
YE_MAIN_SB_175,SB,True,False,167.722,168.642,919.3534975760373,WN_05_AGRA_KUBERPUR,Agra / Kuberpur (Terminus Anchor),27.143,78.118,3249.4,NEAREST_CORRIDOR_WEATHER_NODE
YE_MAIN_SB_176,SB,True,False,168.642,169.561,919.353497575708,WN_05_AGRA_KUBERPUR,Agra / Kuberpur (Terminus Anchor),27.143,78.118,2365.79,NEAREST_CORRIDOR_WEATHER_NODE
YE_MAIN_SB_177,SB,True,False,169.561,170.232,670.8873155340498,WN_05_AGRA_KUBERPUR,Agra / Kuberpur (Terminus Anchor),27.143,78.118,1675.32,NEAREST_CORRIDOR_WEATHER_NODE
YE_MAIN_SB_178,SB,True,False,170.232,171.321,1088.6187702919813,WN_05_AGRA_KUBERPUR,Agra / Kuberpur (Terminus Anchor),27.143,78.118,1162.88,NEAREST_CORRIDOR_WEATHER_NODE
YE_MAIN_SB_179,SB,True,False,171.321,172.409,1088.618770291936,WN_05_AGRA_KUBERPUR,Agra / Kuberpur (Terminus Anchor),27.143,78.118,1493.3,NEAREST_CORRIDOR_WEATHER_NODE
YE_MAIN_SB_180,SB,True,False,172.409,173.025,615.5937236869455,WN_05_AGRA_KUBERPUR,Agra / Kuberpur (Terminus Anchor),27.143,78.118,2236.67,NEAREST_CORRIDOR_WEATHER_NODE
YE_MAIN_SB_181,SB,True,False,173.025,173.648,623.4094471026741,WN_05_AGRA_KUBERPUR,Agra / Kuberpur (Terminus Anchor),27.143,78.118,2219.93,NEAREST_CORRIDOR_WEATHER_NODE
YE_MAIN_SB_182,SB,True,False,173.648,174.233,584.8320882879449,WN_05_AGRA_KUBERPUR,Agra / Kuberpur (Terminus Anchor),27.143,78.118,2765.64,NEAREST_CORRIDOR_WEATHER_NODE
YE_MAIN_SB_183,SB,True,False,174.233,174.499,265.6156926123638,WN_05_AGRA_KUBERPUR,Agra / Kuberpur (Terminus Anchor),27.143,78.118,3155.83,NEAREST_CORRIDOR_WEATHER_NODE
YE_MAIN_NB_001,NB,True,False,0.0,0.227,227.23206744530108,WN_05_AGRA_KUBERPUR,Agra / Kuberpur (Terminus Anchor),27.143,78.118,3163.89,NEAREST_CORRIDOR_WEATHER_NODE
YE_MAIN_NB_002,NB,True,False,0.227,0.827,599.641846711647,WN_05_AGRA_KUBERPUR,Agra / Kuberpur (Terminus Anchor),27.143,78.118,2784.8,NEAREST_CORRIDOR_WEATHER_NODE
YE_MAIN_NB_003,NB,True,False,0.827,1.45,623.4094471026741,WN_05_AGRA_KUBERPUR,Agra / Kuberpur (Terminus Anchor),27.143,78.118,2219.93,NEAREST_CORRIDOR_WEATHER_NODE
YE_MAIN_NB_004,NB,True,False,1.45,2.066,615.5937236869455,WN_05_AGRA_KUBERPUR,Agra / Kuberpur (Terminus Anchor),27.143,78.118,2236.67,NEAREST_CORRIDOR_WEATHER_NODE
YE_MAIN_NB_005,NB,True,False,2.066,2.983,916.6814287392873,WN_05_AGRA_KUBERPUR,Agra / Kuberpur (Terminus Anchor),27.143,78.118,1584.4,NEAREST_CORRIDOR_WEATHER_NODE
YE_MAIN_NB_006,NB,True,False,2.983,3.899,916.6814287394185,WN_05_AGRA_KUBERPUR,Agra / Kuberpur (Terminus Anchor),27.143,78.118,1149.43,NEAREST_CORRIDOR_WEATHER_NODE
YE_MAIN_NB_007,NB,True,False,3.899,4.816,916.6814287390664,WN_05_AGRA_KUBERPUR,Agra / Kuberpur (Terminus Anchor),27.143,78.118,1530.72,NEAREST_CORRIDOR_WEATHER_NODE
YE_MAIN_NB_008,NB,True,False,4.816,5.329,512.679804095754,WN_05_AGRA_KUBERPUR,Agra / Kuberpur (Terminus Anchor),27.143,78.118,2102.21,NEAREST_CORRIDOR_WEATHER_NODE
YE_MAIN_NB_009,NB,True,False,5.329,6.37,1041.627781674419,WN_05_AGRA_KUBERPUR,Agra / Kuberpur (Terminus Anchor),27.143,78.118,2829.22,NEAREST_CORRIDOR_WEATHER_NODE
YE_MAIN_NB_010,NB,True,False,6.37,7.412,1041.6277816742074,WN_05_AGRA_KUBERPUR,Agra / Kuberpur (Terminus Anchor),27.143,78.118,3855.84,NEAREST_CORRIDOR_WEATHER_NODE
YE_MAIN_NB_011,NB,True,False,7.412,8.453,1041.6277816743923,WN_05_AGRA_KUBERPUR,Agra / Kuberpur (Terminus Anchor),27.143,78.118,4892.67,NEAREST_CORRIDOR_WEATHER_NODE
YE_MAIN_NB_012,NB,True,False,8.453,9.495,1041.6277816743857,WN_05_AGRA_KUBERPUR,Agra / Kuberpur (Terminus Anchor),27.143,78.118,5850.73,NEAREST_CORRIDOR_WEATHER_NODE
YE_MAIN_NB_013,NB,True,False,9.495,9.722,226.57516129075512,WN_05_AGRA_KUBERPUR,Agra / Kuberpur (Terminus Anchor),27.143,78.118,9083.52,NEAREST_CORRIDOR_WEATHER_NODE
YE_MAIN_NB_014,NB,True,False,9.722,10.651,929.3988760006392,WN_05_AGRA_KUBERPUR,Agra / Kuberpur (Terminus Anchor),27.143,78.118,9475.08,NEAREST_CORRIDOR_WEATHER_NODE
YE_MAIN_NB_015,NB,True,False,10.651,11.72,1068.5464080951665,WN_05_AGRA_KUBERPUR,Agra / Kuberpur (Terminus Anchor),27.143,78.118,10044.06,NEAREST_CORRIDOR_WEATHER_NODE
YE_MAIN_NB_016,NB,True,False,11.72,12.788,1068.546408095469,WN_05_AGRA_KUBERPUR,Agra / Kuberpur (Terminus Anchor),27.143,78.118,10859.61,NEAREST_CORRIDOR_WEATHER_NODE
YE_MAIN_NB_017,NB,True,False,12.788,13.857,1068.5464080951547,WN_05_AGRA_KUBERPUR,Agra / Kuberpur (Terminus Anchor),27.143,78.118,11784.17,NEAREST_CORRIDOR_WEATHER_NODE
YE_MAIN_NB_018,NB,True,False,13.857,14.817,959.8937390211647,WN_05_AGRA_KUBERPUR,Agra / Kuberpur (Terminus Anchor),27.143,78.118,12684.67,NEAREST_CORRIDOR_WEATHER_NODE
YE_MAIN_NB_019,NB,True,False,14.817,15.777,959.8937390211181,WN_05_AGRA_KUBERPUR,Agra / Kuberpur (Terminus Anchor),27.143,78.118,13544.7,NEAREST_CORRIDOR_WEATHER_NODE
YE_MAIN_NB_020,NB,True,False,15.777,16.736,959.8937390212102,WN_05_AGRA_KUBERPUR,Agra / Kuberpur (Terminus Anchor),27.143,78.118,14314.59,NEAREST_CORRIDOR_WEATHER_NODE
YE_MAIN_NB_021,NB,True,False,16.736,17.696,959.8937390213919,WN_05_AGRA_KUBERPUR,Agra / Kuberpur (Terminus Anchor),27.143,78.118,15118.03,NEAREST_CORRIDOR_WEATHER_NODE
YE_MAIN_NB_022,NB,True,False,17.696,18.656,959.893739020946,WN_05_AGRA_KUBERPUR,Agra / Kuberpur (Terminus Anchor),27.143,78.118,16045.02,NEAREST_CORRIDOR_WEATHER_NODE
YE_MAIN_NB_023,NB,True,False,18.656,19.616,959.8937390214113,WN_05_AGRA_KUBERPUR,Agra / Kuberpur (Terminus Anchor),27.143,78.118,16905.72,NEAREST_CORRIDOR_WEATHER_NODE
YE_MAIN_NB_024,NB,True,False,19.616,20.576,959.893739021139,WN_05_AGRA_KUBERPUR,Agra / Kuberpur (Terminus Anchor),27.143,78.118,17771.28,NEAREST_CORRIDOR_WEATHER_NODE
YE_MAIN_NB_025,NB,True,False,20.576,21.536,959.8937390211502,WN_05_AGRA_KUBERPUR,Agra / Kuberpur (Terminus Anchor),27.143,78.118,18683.87,NEAREST_CORRIDOR_WEATHER_NODE
YE_MAIN_NB_026,NB,True,False,21.536,22.476,939.9279986457044,WN_05_AGRA_KUBERPUR,Agra / Kuberpur (Terminus Anchor),27.143,78.118,19444.83,NEAREST_CORRIDOR_WEATHER_NODE
YE_MAIN_NB_027,NB,True,False,22.476,23.416,939.9279986456283,WN_05_AGRA_KUBERPUR,Agra / Kuberpur (Terminus Anchor),27.143,78.118,20035.77,NEAREST_CORRIDOR_WEATHER_NODE
YE_MAIN_NB_028,NB,True,False,23.416,24.356,939.9279986457075,WN_05_AGRA_KUBERPUR,Agra / Kuberpur (Terminus Anchor),27.143,78.118,20601.31,NEAREST_CORRIDOR_WEATHER_NODE
YE_MAIN_NB_029,NB,True,False,24.356,24.803,447.40008473576177,WN_05_AGRA_KUBERPUR,Agra / Kuberpur (Terminus Anchor),27.143,78.118,21035.43,NEAREST_CORRIDOR_WEATHER_NODE
YE_MAIN_NB_030,NB,True,False,24.803,25.867,1063.9917813009486,WN_05_AGRA_KUBERPUR,Agra / Kuberpur (Terminus Anchor),27.143,78.118,21574.79,NEAREST_CORRIDOR_WEATHER_NODE
YE_MAIN_NB_031,NB,True,False,25.867,26.931,1063.991781300709,WN_05_AGRA_KUBERPUR,Agra / Kuberpur (Terminus Anchor),27.143,78.118,22491.2,NEAREST_CORRIDOR_WEATHER_NODE
YE_MAIN_NB_032,NB,True,False,26.931,27.995,1063.9917813009683,WN_05_AGRA_KUBERPUR,Agra / Kuberpur (Terminus Anchor),27.143,78.118,23466.02,NEAREST_CORRIDOR_WEATHER_NODE
YE_MAIN_NB_033,NB,True,False,27.995,28.308,312.93444388754426,WN_05_AGRA_KUBERPUR,Agra / Kuberpur (Terminus Anchor),27.143,78.118,28295.67,NEAREST_CORRIDOR_WEATHER_NODE
YE_MAIN_NB_034,NB,True,False,28.308,28.913,605.2264989983117,WN_05_AGRA_KUBERPUR,Agra / Kuberpur (Terminus Anchor),27.143,78.118,27972.3,NEAREST_CORRIDOR_WEATHER_NODE
YE_MAIN_NB_035,NB,True,False,28.913,29.887,973.3157768718643,WN_05_AGRA_KUBERPUR,Agra / Kuberpur (Terminus Anchor),27.143,78.118,28810.18,NEAREST_CORRIDOR_WEATHER_NODE
YE_MAIN_NB_036,NB,True,False,29.887,30.829,942.6515988208727,WN_05_AGRA_KUBERPUR,Agra / Kuberpur (Terminus Anchor),27.143,78.118,27441.81,NEAREST_CORRIDOR_WEATHER_NODE
YE_MAIN_NB_037,NB,True,False,30.829,31.772,942.6515988209173,WN_05_AGRA_KUBERPUR,Agra / Kuberpur (Terminus Anchor),27.143,78.118,26810.18,NEAREST_CORRIDOR_WEATHER_NODE
YE_MAIN_NB_038,NB,True,False,31.772,32.714,942.6515988208944,WN_05_AGRA_KUBERPUR,Agra / Kuberpur (Terminus Anchor),27.143,78.118,26198.12,NEAREST_CORRIDOR_WEATHER_NODE
YE_MAIN_NB_039,NB,True,False,32.714,33.657,942.6515988208503,WN_05_AGRA_KUBERPUR,Agra / Kuberpur (Terminus Anchor),27.143,78.118,25607.27,NEAREST_CORRIDOR_WEATHER_NODE
YE_MAIN_NB_040,NB,True,False,33.657,34.721,1063.9917813008506,WN_05_AGRA_KUBERPUR,Agra / Kuberpur (Terminus Anchor),27.143,78.118,24358.81,NEAREST_CORRIDOR_WEATHER_NODE
YE_MAIN_NB_041,NB,True,False,34.721,35.664,942.65159882085,WN_05_AGRA_KUBERPUR,Agra / Kuberpur (Terminus Anchor),27.143,78.118,25038.16,NEAREST_CORRIDOR_WEATHER_NODE
YE_MAIN_NB_042,NB,True,False,35.664,36.637,973.3157768720765,WN_04_MATHURA_RAYA,Mathura / Raya (Yamuna Basin Anchor),27.568,77.785,29558.68,NEAREST_CORRIDOR_WEATHER_NODE
YE_MAIN_NB_043,NB,True,False,36.637,37.61,973.3157768719313,WN_04_MATHURA_RAYA,Mathura / Raya (Yamuna Basin Anchor),27.568,77.785,28706.12,NEAREST_CORRIDOR_WEATHER_NODE
YE_MAIN_NB_044,NB,True,False,37.61,38.584,973.315776871942,WN_04_MATHURA_RAYA,Mathura / Raya (Yamuna Basin Anchor),27.568,77.785,27821.83,NEAREST_CORRIDOR_WEATHER_NODE
YE_MAIN_NB_045,NB,True,False,38.584,39.557,973.3157768719173,WN_04_MATHURA_RAYA,Mathura / Raya (Yamuna Basin Anchor),27.568,77.785,26978.91,NEAREST_CORRIDOR_WEATHER_NODE
YE_MAIN_NB_046,NB,True,False,39.557,40.561,1003.7279673265957,WN_04_MATHURA_RAYA,Mathura / Raya (Yamuna Basin Anchor),27.568,77.785,26199.29,NEAREST_CORRIDOR_WEATHER_NODE
YE_MAIN_NB_047,NB,True,False,40.561,41.564,1003.7279673265396,WN_04_MATHURA_RAYA,Mathura / Raya (Yamuna Basin Anchor),27.568,77.785,25433.2,NEAREST_CORRIDOR_WEATHER_NODE
YE_MAIN_NB_048,NB,True,False,41.564,42.568,1003.7279673267982,WN_04_MATHURA_RAYA,Mathura / Raya (Yamuna Basin Anchor),27.568,77.785,24644.45,NEAREST_CORRIDOR_WEATHER_NODE
YE_MAIN_NB_049,NB,True,False,42.568,43.572,1003.7279673263183,WN_04_MATHURA_RAYA,Mathura / Raya (Yamuna Basin Anchor),27.568,77.785,23719.86,NEAREST_CORRIDOR_WEATHER_NODE
YE_MAIN_NB_050,NB,True,False,43.572,44.576,1003.7279673267099,WN_04_MATHURA_RAYA,Mathura / Raya (Yamuna Basin Anchor),27.568,77.785,22725.0,NEAREST_CORRIDOR_WEATHER_NODE
YE_MAIN_NB_051,NB,True,False,44.576,45.573,997.6264757150833,WN_04_MATHURA_RAYA,Mathura / Raya (Yamuna Basin Anchor),27.568,77.785,21729.49,NEAREST_CORRIDOR_WEATHER_NODE
YE_MAIN_NB_052,NB,True,False,45.573,46.571,997.6264757149443,WN_04_MATHURA_RAYA,Mathura / Raya (Yamuna Basin Anchor),27.568,77.785,20776.79,NEAREST_CORRIDOR_WEATHER_NODE
YE_MAIN_NB_053,NB,True,False,46.571,47.569,997.6264757150976,WN_04_MATHURA_RAYA,Mathura / Raya (Yamuna Basin Anchor),27.568,77.785,19939.92,NEAREST_CORRIDOR_WEATHER_NODE
YE_MAIN_NB_054,NB,True,False,47.569,48.566,997.6264757149883,WN_04_MATHURA_RAYA,Mathura / Raya (Yamuna Basin Anchor),27.568,77.785,19336.29,NEAREST_CORRIDOR_WEATHER_NODE
YE_MAIN_NB_055,NB,True,False,48.566,49.564,997.6264757149518,WN_04_MATHURA_RAYA,Mathura / Raya (Yamuna Basin Anchor),27.568,77.785,18770.87,NEAREST_CORRIDOR_WEATHER_NODE
YE_MAIN_NB_056,NB,True,False,49.564,50.513,948.843027499983,WN_04_MATHURA_RAYA,Mathura / Raya (Yamuna Basin Anchor),27.568,77.785,18011.61,NEAREST_CORRIDOR_WEATHER_NODE
YE_MAIN_NB_057,NB,True,False,50.513,51.461,948.8430275002238,WN_04_MATHURA_RAYA,Mathura / Raya (Yamuna Basin Anchor),27.568,77.785,17163.59,NEAREST_CORRIDOR_WEATHER_NODE
YE_MAIN_NB_058,NB,True,False,51.461,52.41,948.8430275001574,WN_04_MATHURA_RAYA,Mathura / Raya (Yamuna Basin Anchor),27.568,77.785,16319.0,NEAREST_CORRIDOR_WEATHER_NODE
YE_MAIN_NB_059,NB,True,False,52.41,53.359,948.8430274999934,WN_04_MATHURA_RAYA,Mathura / Raya (Yamuna Basin Anchor),27.568,77.785,15485.38,NEAREST_CORRIDOR_WEATHER_NODE
YE_MAIN_NB_060,NB,True,False,53.359,54.308,948.8430274999885,WN_04_MATHURA_RAYA,Mathura / Raya (Yamuna Basin Anchor),27.568,77.785,14637.51,NEAREST_CORRIDOR_WEATHER_NODE
YE_MAIN_NB_061,NB,True,False,54.308,55.311,1002.856745900044,WN_04_MATHURA_RAYA,Mathura / Raya (Yamuna Basin Anchor),27.568,77.785,13689.0,NEAREST_CORRIDOR_WEATHER_NODE
YE_MAIN_NB_062,NB,True,False,55.311,56.314,1002.8567459004435,WN_04_MATHURA_RAYA,Mathura / Raya (Yamuna Basin Anchor),27.568,77.785,12687.51,NEAREST_CORRIDOR_WEATHER_NODE
YE_MAIN_NB_063,NB,True,False,56.314,57.317,1002.8567459001639,WN_04_MATHURA_RAYA,Mathura / Raya (Yamuna Basin Anchor),27.568,77.785,11685.42,NEAREST_CORRIDOR_WEATHER_NODE
YE_MAIN_NB_064,NB,True,False,57.317,58.319,1002.8567459001223,WN_04_MATHURA_RAYA,Mathura / Raya (Yamuna Basin Anchor),27.568,77.785,10683.45,NEAREST_CORRIDOR_WEATHER_NODE
YE_MAIN_NB_065,NB,True,False,58.319,59.322,1002.8567458999607,WN_04_MATHURA_RAYA,Mathura / Raya (Yamuna Basin Anchor),27.568,77.785,9681.67,NEAREST_CORRIDOR_WEATHER_NODE
YE_MAIN_NB_066,NB,True,False,59.322,60.387,1064.8067802381522,WN_04_MATHURA_RAYA,Mathura / Raya (Yamuna Basin Anchor),27.568,77.785,8649.22,NEAREST_CORRIDOR_WEATHER_NODE
YE_MAIN_NB_067,NB,True,False,60.387,61.452,1064.8067802383266,WN_04_MATHURA_RAYA,Mathura / Raya (Yamuna Basin Anchor),27.568,77.785,7603.06,NEAREST_CORRIDOR_WEATHER_NODE
YE_MAIN_NB_068,NB,True,False,61.452,62.517,1064.8067802381838,WN_04_MATHURA_RAYA,Mathura / Raya (Yamuna Basin Anchor),27.568,77.785,6668.92,NEAREST_CORRIDOR_WEATHER_NODE
YE_MAIN_NB_069,NB,True,False,62.517,63.582,1064.8067802381943,WN_04_MATHURA_RAYA,Mathura / Raya (Yamuna Basin Anchor),27.568,77.785,5838.49,NEAREST_CORRIDOR_WEATHER_NODE
YE_MAIN_NB_070,NB,True,False,63.582,64.646,1064.8067802384169,WN_04_MATHURA_RAYA,Mathura / Raya (Yamuna Basin Anchor),27.568,77.785,5098.89,NEAREST_CORRIDOR_WEATHER_NODE
YE_MAIN_NB_071,NB,True,False,64.646,65.268,621.9491439208198,WN_04_MATHURA_RAYA,Mathura / Raya (Yamuna Basin Anchor),27.568,77.785,4604.6,NEAREST_CORRIDOR_WEATHER_NODE
YE_MAIN_NB_072,NB,True,False,65.268,66.197,928.4785813014184,WN_04_MATHURA_RAYA,Mathura / Raya (Yamuna Basin Anchor),27.568,77.785,4225.28,NEAREST_CORRIDOR_WEATHER_NODE
YE_MAIN_NB_073,NB,True,False,66.197,66.954,757.0989028975215,WN_04_MATHURA_RAYA,Mathura / Raya (Yamuna Basin Anchor),27.568,77.785,3817.25,NEAREST_CORRIDOR_WEATHER_NODE
YE_MAIN_NB_074,NB,True,False,66.954,67.711,757.0989028979319,WN_04_MATHURA_RAYA,Mathura / Raya (Yamuna Basin Anchor),27.568,77.785,3647.3,NEAREST_CORRIDOR_WEATHER_NODE
YE_MAIN_NB_075,NB,True,False,67.711,68.753,1042.0576677829745,WN_04_MATHURA_RAYA,Mathura / Raya (Yamuna Basin Anchor),27.568,77.785,3730.56,NEAREST_CORRIDOR_WEATHER_NODE
YE_MAIN_NB_076,NB,True,False,68.753,69.795,1042.0576677826828,WN_04_MATHURA_RAYA,Mathura / Raya (Yamuna Basin Anchor),27.568,77.785,3778.63,NEAREST_CORRIDOR_WEATHER_NODE
YE_MAIN_NB_077,NB,True,False,69.795,70.837,1042.0576677831286,WN_04_MATHURA_RAYA,Mathura / Raya (Yamuna Basin Anchor),27.568,77.785,3805.63,NEAREST_CORRIDOR_WEATHER_NODE
YE_MAIN_NB_078,NB,True,False,70.837,71.879,1042.057667783116,WN_04_MATHURA_RAYA,Mathura / Raya (Yamuna Basin Anchor),27.568,77.785,4106.56,NEAREST_CORRIDOR_WEATHER_NODE
YE_MAIN_NB_079,NB,True,False,71.879,72.921,1042.057667782772,WN_04_MATHURA_RAYA,Mathura / Raya (Yamuna Basin Anchor),27.568,77.785,4812.35,NEAREST_CORRIDOR_WEATHER_NODE
YE_MAIN_NB_080,NB,True,False,72.921,73.963,1042.0576677829476,WN_04_MATHURA_RAYA,Mathura / Raya (Yamuna Basin Anchor),27.568,77.785,5680.19,NEAREST_CORRIDOR_WEATHER_NODE
YE_MAIN_NB_081,NB,True,False,73.963,74.49,526.5762888043585,WN_04_MATHURA_RAYA,Mathura / Raya (Yamuna Basin Anchor),27.568,77.785,6366.99,NEAREST_CORRIDOR_WEATHER_NODE
YE_MAIN_NB_082,NB,True,False,74.49,75.124,633.639770019957,WN_04_MATHURA_RAYA,Mathura / Raya (Yamuna Basin Anchor),27.568,77.785,6889.02,NEAREST_CORRIDOR_WEATHER_NODE
YE_MAIN_NB_083,NB,True,False,75.124,76.228,1104.2847458000049,WN_04_MATHURA_RAYA,Mathura / Raya (Yamuna Basin Anchor),27.568,77.785,7685.59,NEAREST_CORRIDOR_WEATHER_NODE
YE_MAIN_NB_084,NB,True,False,76.228,77.332,1104.2847457995244,WN_04_MATHURA_RAYA,Mathura / Raya (Yamuna Basin Anchor),27.568,77.785,8717.97,NEAREST_CORRIDOR_WEATHER_NODE
YE_MAIN_NB_085,NB,True,False,77.332,78.436,1104.2847457996813,WN_04_MATHURA_RAYA,Mathura / Raya (Yamuna Basin Anchor),27.568,77.785,9767.06,NEAREST_CORRIDOR_WEATHER_NODE
YE_MAIN_NB_086,NB,True,False,78.436,79.541,1104.2847457999223,WN_04_MATHURA_RAYA,Mathura / Raya (Yamuna Basin Anchor),27.568,77.785,10787.09,NEAREST_CORRIDOR_WEATHER_NODE
YE_MAIN_NB_087,NB,True,False,79.541,79.99,449.5433874816924,WN_04_MATHURA_RAYA,Mathura / Raya (Yamuna Basin Anchor),27.568,77.785,11471.22,NEAREST_CORRIDOR_WEATHER_NODE
YE_MAIN_NB_088,NB,True,False,79.99,80.981,991.0468948115331,WN_04_MATHURA_RAYA,Mathura / Raya (Yamuna Basin Anchor),27.568,77.785,12086.89,NEAREST_CORRIDOR_WEATHER_NODE
YE_MAIN_NB_089,NB,True,False,80.981,81.972,991.0468948121159,WN_04_MATHURA_RAYA,Mathura / Raya (Yamuna Basin Anchor),27.568,77.785,12965.58,NEAREST_CORRIDOR_WEATHER_NODE
YE_MAIN_NB_090,NB,True,False,81.972,82.963,991.0468948116546,WN_04_MATHURA_RAYA,Mathura / Raya (Yamuna Basin Anchor),27.568,77.785,13860.52,NEAREST_CORRIDOR_WEATHER_NODE
YE_MAIN_NB_091,NB,True,False,82.963,83.954,991.0468948116245,WN_04_MATHURA_RAYA,Mathura / Raya (Yamuna Basin Anchor),27.568,77.785,14768.97,NEAREST_CORRIDOR_WEATHER_NODE
YE_MAIN_NB_092,NB,True,False,83.954,84.945,991.046894811961,WN_04_MATHURA_RAYA,Mathura / Raya (Yamuna Basin Anchor),27.568,77.785,15721.23,NEAREST_CORRIDOR_WEATHER_NODE
YE_MAIN_NB_093,NB,True,False,84.945,85.936,991.0468948117307,WN_04_MATHURA_RAYA,Mathura / Raya (Yamuna Basin Anchor),27.568,77.785,16710.11,NEAREST_CORRIDOR_WEATHER_NODE
YE_MAIN_NB_094,NB,True,False,85.936,86.928,991.0468948116915,WN_04_MATHURA_RAYA,Mathura / Raya (Yamuna Basin Anchor),27.568,77.785,17700.73,NEAREST_CORRIDOR_WEATHER_NODE
YE_MAIN_NB_095,NB,True,False,86.928,87.919,991.0468948116047,WN_04_MATHURA_RAYA,Mathura / Raya (Yamuna Basin Anchor),27.568,77.785,18691.52,NEAREST_CORRIDOR_WEATHER_NODE
YE_MAIN_NB_096,NB,True,False,87.919,88.91,991.0468948119797,WN_04_MATHURA_RAYA,Mathura / Raya (Yamuna Basin Anchor),27.568,77.785,19682.21,NEAREST_CORRIDOR_WEATHER_NODE
YE_MAIN_NB_097,NB,True,False,88.91,89.901,991.046894811497,WN_04_MATHURA_RAYA,Mathura / Raya (Yamuna Basin Anchor),27.568,77.785,20672.97,NEAREST_CORRIDOR_WEATHER_NODE
YE_MAIN_NB_098,NB,True,False,89.901,90.892,991.0468948119017,WN_04_MATHURA_RAYA,Mathura / Raya (Yamuna Basin Anchor),27.568,77.785,21663.33,NEAREST_CORRIDOR_WEATHER_NODE
YE_MAIN_NB_099,NB,True,False,90.892,91.883,991.0468948118478,WN_04_MATHURA_RAYA,Mathura / Raya (Yamuna Basin Anchor),27.568,77.785,22628.9,NEAREST_CORRIDOR_WEATHER_NODE
YE_MAIN_NB_100,NB,True,False,91.883,92.874,991.0468948115259,WN_04_MATHURA_RAYA,Mathura / Raya (Yamuna Basin Anchor),27.568,77.785,23515.03,NEAREST_CORRIDOR_WEATHER_NODE
YE_MAIN_NB_101,NB,True,False,92.874,93.865,991.0468948119055,WN_04_MATHURA_RAYA,Mathura / Raya (Yamuna Basin Anchor),27.568,77.785,24380.82,NEAREST_CORRIDOR_WEATHER_NODE
YE_MAIN_NB_102,NB,True,False,93.865,94.856,991.0468948115188,WN_04_MATHURA_RAYA,Mathura / Raya (Yamuna Basin Anchor),27.568,77.785,25256.25,NEAREST_CORRIDOR_WEATHER_NODE
YE_MAIN_NB_103,NB,True,False,94.856,95.847,991.0468948120049,WN_04_MATHURA_RAYA,Mathura / Raya (Yamuna Basin Anchor),27.568,77.785,26138.66,NEAREST_CORRIDOR_WEATHER_NODE
YE_MAIN_NB_104,NB,True,False,95.847,96.838,991.046894811499,WN_03_TAPPAL,Tappal (Aligarh Border Anchor),28.025,77.625,26178.21,NEAREST_CORRIDOR_WEATHER_NODE
YE_MAIN_NB_105,NB,True,False,96.838,97.829,991.0468948117004,WN_03_TAPPAL,Tappal (Aligarh Border Anchor),28.025,77.625,25361.07,NEAREST_CORRIDOR_WEATHER_NODE
YE_MAIN_NB_106,NB,True,False,97.829,98.82,991.0468948118659,WN_03_TAPPAL,Tappal (Aligarh Border Anchor),28.025,77.625,24546.05,NEAREST_CORRIDOR_WEATHER_NODE
YE_MAIN_NB_107,NB,True,False,98.82,99.811,991.0468948119518,WN_03_TAPPAL,Tappal (Aligarh Border Anchor),28.025,77.625,23643.49,NEAREST_CORRIDOR_WEATHER_NODE
YE_MAIN_NB_108,NB,True,False,99.811,100.802,991.0468948117182,WN_03_TAPPAL,Tappal (Aligarh Border Anchor),28.025,77.625,22665.81,NEAREST_CORRIDOR_WEATHER_NODE
YE_MAIN_NB_109,NB,True,False,100.802,101.793,991.0468948115163,WN_03_TAPPAL,Tappal (Aligarh Border Anchor),28.025,77.625,21684.35,NEAREST_CORRIDOR_WEATHER_NODE
YE_MAIN_NB_110,NB,True,False,101.793,102.784,991.0468948119214,WN_03_TAPPAL,Tappal (Aligarh Border Anchor),28.025,77.625,20736.09,NEAREST_CORRIDOR_WEATHER_NODE
YE_MAIN_NB_111,NB,True,False,102.784,103.775,991.0468948117556,WN_03_TAPPAL,Tappal (Aligarh Border Anchor),28.025,77.625,19796.71,NEAREST_CORRIDOR_WEATHER_NODE
YE_MAIN_NB_112,NB,True,False,103.775,104.766,991.0468948117484,WN_03_TAPPAL,Tappal (Aligarh Border Anchor),28.025,77.625,18908.78,NEAREST_CORRIDOR_WEATHER_NODE
YE_MAIN_NB_113,NB,True,False,104.766,105.606,840.0755979308713,WN_03_TAPPAL,Tappal (Aligarh Border Anchor),28.025,77.625,18226.51,NEAREST_CORRIDOR_WEATHER_NODE
YE_MAIN_NB_114,NB,True,False,105.606,106.447,840.0755979308323,WN_03_TAPPAL,Tappal (Aligarh Border Anchor),28.025,77.625,17648.07,NEAREST_CORRIDOR_WEATHER_NODE
YE_MAIN_NB_115,NB,True,False,106.447,107.287,840.075597931009,WN_03_TAPPAL,Tappal (Aligarh Border Anchor),28.025,77.625,17088.07,NEAREST_CORRIDOR_WEATHER_NODE
YE_MAIN_NB_116,NB,True,False,107.287,108.324,1036.9053245412535,WN_03_TAPPAL,Tappal (Aligarh Border Anchor),28.025,77.625,16389.2,NEAREST_CORRIDOR_WEATHER_NODE
YE_MAIN_NB_117,NB,True,False,108.324,109.358,1034.8810119611437,WN_03_TAPPAL,Tappal (Aligarh Border Anchor),28.025,77.625,15464.9,NEAREST_CORRIDOR_WEATHER_NODE
YE_MAIN_NB_118,NB,True,False,109.358,110.399,1040.743423777761,WN_03_TAPPAL,Tappal (Aligarh Border Anchor),28.025,77.625,14496.79,NEAREST_CORRIDOR_WEATHER_NODE
YE_MAIN_NB_119,NB,True,False,110.399,111.44,1040.7434237778536,WN_03_TAPPAL,Tappal (Aligarh Border Anchor),28.025,77.625,13510.02,NEAREST_CORRIDOR_WEATHER_NODE
YE_MAIN_NB_120,NB,True,False,111.44,112.481,1040.74342377786,WN_03_TAPPAL,Tappal (Aligarh Border Anchor),28.025,77.625,12543.39,NEAREST_CORRIDOR_WEATHER_NODE
YE_MAIN_NB_121,NB,True,False,112.481,113.521,1040.7434237777554,WN_03_TAPPAL,Tappal (Aligarh Border Anchor),28.025,77.625,11590.1,NEAREST_CORRIDOR_WEATHER_NODE
YE_MAIN_NB_122,NB,True,False,113.521,114.562,1040.7434237779528,WN_03_TAPPAL,Tappal (Aligarh Border Anchor),28.025,77.625,10664.05,NEAREST_CORRIDOR_WEATHER_NODE
YE_MAIN_NB_123,NB,True,False,114.562,115.539,977.3362214437973,WN_03_TAPPAL,Tappal (Aligarh Border Anchor),28.025,77.625,9770.52,NEAREST_CORRIDOR_WEATHER_NODE
YE_MAIN_NB_124,NB,True,False,115.539,116.517,977.3362214437874,WN_03_TAPPAL,Tappal (Aligarh Border Anchor),28.025,77.625,8912.34,NEAREST_CORRIDOR_WEATHER_NODE
YE_MAIN_NB_125,NB,True,False,116.517,117.494,977.3362214437748,WN_03_TAPPAL,Tappal (Aligarh Border Anchor),28.025,77.625,8125.59,NEAREST_CORRIDOR_WEATHER_NODE
YE_MAIN_NB_126,NB,True,False,117.494,118.471,977.3362214436554,WN_03_TAPPAL,Tappal (Aligarh Border Anchor),28.025,77.625,7327.39,NEAREST_CORRIDOR_WEATHER_NODE
YE_MAIN_NB_127,NB,True,False,118.471,119.449,977.3362214440247,WN_03_TAPPAL,Tappal (Aligarh Border Anchor),28.025,77.625,6428.82,NEAREST_CORRIDOR_WEATHER_NODE
YE_MAIN_NB_128,NB,True,False,119.449,120.432,982.7625782650096,WN_03_TAPPAL,Tappal (Aligarh Border Anchor),28.025,77.625,5494.11,NEAREST_CORRIDOR_WEATHER_NODE
YE_MAIN_NB_129,NB,True,False,120.432,121.414,982.7625782654897,WN_03_TAPPAL,Tappal (Aligarh Border Anchor),28.025,77.625,4594.65,NEAREST_CORRIDOR_WEATHER_NODE
YE_MAIN_NB_130,NB,True,False,121.414,122.397,982.7625782649284,WN_03_TAPPAL,Tappal (Aligarh Border Anchor),28.025,77.625,3886.37,NEAREST_CORRIDOR_WEATHER_NODE
YE_MAIN_NB_131,NB,True,False,122.397,123.38,982.7625782650141,WN_03_TAPPAL,Tappal (Aligarh Border Anchor),28.025,77.625,3517.55,NEAREST_CORRIDOR_WEATHER_NODE
YE_MAIN_NB_132,NB,True,False,123.38,124.363,982.7625782653353,WN_03_TAPPAL,Tappal (Aligarh Border Anchor),28.025,77.625,3262.65,NEAREST_CORRIDOR_WEATHER_NODE
YE_MAIN_NB_133,NB,True,False,124.363,125.345,982.7625782651915,WN_03_TAPPAL,Tappal (Aligarh Border Anchor),28.025,77.625,3129.34,NEAREST_CORRIDOR_WEATHER_NODE
YE_MAIN_NB_134,NB,True,False,125.345,126.328,982.7625782651561,WN_03_TAPPAL,Tappal (Aligarh Border Anchor),28.025,77.625,3110.97,NEAREST_CORRIDOR_WEATHER_NODE
YE_MAIN_NB_135,NB,True,False,126.328,127.498,1170.2091457938386,WN_03_TAPPAL,Tappal (Aligarh Border Anchor),28.025,77.625,3409.42,NEAREST_CORRIDOR_WEATHER_NODE
YE_MAIN_NB_136,NB,True,False,127.498,128.73,1231.2941572951831,WN_03_TAPPAL,Tappal (Aligarh Border Anchor),28.025,77.625,4301.93,NEAREST_CORRIDOR_WEATHER_NODE
YE_MAIN_NB_137,NB,True,False,128.73,129.961,1231.294157295148,WN_03_TAPPAL,Tappal (Aligarh Border Anchor),28.025,77.625,5469.83,NEAREST_CORRIDOR_WEATHER_NODE
YE_MAIN_NB_138,NB,True,False,129.961,130.947,986.4353926770564,WN_03_TAPPAL,Tappal (Aligarh Border Anchor),28.025,77.625,6540.62,NEAREST_CORRIDOR_WEATHER_NODE
YE_MAIN_NB_139,NB,True,False,130.947,131.934,986.4353926768167,WN_03_TAPPAL,Tappal (Aligarh Border Anchor),28.025,77.625,7444.7,NEAREST_CORRIDOR_WEATHER_NODE
YE_MAIN_NB_140,NB,True,False,131.934,132.92,986.4353926770424,WN_02_JEWAR,Jewar (Airport & Toll Anchor),28.1465,77.585,7390.47,NEAREST_CORRIDOR_WEATHER_NODE
YE_MAIN_NB_141,NB,True,False,132.92,133.907,986.4353926769307,WN_02_JEWAR,Jewar (Airport & Toll Anchor),28.1465,77.585,6417.62,NEAREST_CORRIDOR_WEATHER_NODE
YE_MAIN_NB_142,NB,True,False,133.907,134.893,986.435392676732,WN_02_JEWAR,Jewar (Airport & Toll Anchor),28.1465,77.585,5433.71,NEAREST_CORRIDOR_WEATHER_NODE
YE_MAIN_NB_143,NB,True,False,134.893,135.88,986.435392677138,WN_02_JEWAR,Jewar (Airport & Toll Anchor),28.1465,77.585,4450.65,NEAREST_CORRIDOR_WEATHER_NODE
YE_MAIN_NB_144,NB,True,False,135.88,136.382,502.09355281030315,WN_02_JEWAR,Jewar (Airport & Toll Anchor),28.1465,77.585,3713.26,NEAREST_CORRIDOR_WEATHER_NODE
YE_MAIN_NB_145,NB,True,False,136.382,137.297,915.6226909025146,WN_02_JEWAR,Jewar (Airport & Toll Anchor),28.1465,77.585,3017.86,NEAREST_CORRIDOR_WEATHER_NODE
YE_MAIN_NB_146,NB,True,False,137.297,138.213,915.6226909028692,WN_02_JEWAR,Jewar (Airport & Toll Anchor),28.1465,77.585,2207.34,NEAREST_CORRIDOR_WEATHER_NODE
YE_MAIN_NB_147,NB,True,False,138.213,139.032,819.2231458469874,WN_02_JEWAR,Jewar (Airport & Toll Anchor),28.1465,77.585,1577.47,NEAREST_CORRIDOR_WEATHER_NODE
YE_MAIN_NB_148,NB,True,False,139.032,139.851,819.2231458465706,WN_02_JEWAR,Jewar (Airport & Toll Anchor),28.1465,77.585,1258.51,NEAREST_CORRIDOR_WEATHER_NODE
YE_MAIN_NB_149,NB,True,False,139.851,140.972,1120.3057204036588,WN_02_JEWAR,Jewar (Airport & Toll Anchor),28.1465,77.585,1501.78,NEAREST_CORRIDOR_WEATHER_NODE
YE_MAIN_NB_150,NB,True,False,140.972,142.092,1120.3057204038241,WN_02_JEWAR,Jewar (Airport & Toll Anchor),28.1465,77.585,2344.01,NEAREST_CORRIDOR_WEATHER_NODE
YE_MAIN_NB_151,NB,True,False,142.092,142.509,416.76521995593635,WN_02_JEWAR,Jewar (Airport & Toll Anchor),28.1465,77.585,3032.18,NEAREST_CORRIDOR_WEATHER_NODE
YE_MAIN_NB_152,NB,True,False,142.509,142.543,34.14635791083763,WN_02_JEWAR,Jewar (Airport & Toll Anchor),28.1465,77.585,3242.79,NEAREST_CORRIDOR_WEATHER_NODE
YE_MAIN_NB_153,NB,True,False,142.543,142.847,304.1818724563921,WN_02_JEWAR,Jewar (Airport & Toll Anchor),28.1465,77.585,3404.43,NEAREST_CORRIDOR_WEATHER_NODE
YE_MAIN_NB_154,NB,True,False,142.847,143.914,1066.7978247731965,WN_02_JEWAR,Jewar (Airport & Toll Anchor),28.1465,77.585,4041.8,NEAREST_CORRIDOR_WEATHER_NODE
YE_MAIN_NB_155,NB,True,False,143.914,144.981,1066.797824772888,WN_02_JEWAR,Jewar (Airport & Toll Anchor),28.1465,77.585,4960.33,NEAREST_CORRIDOR_WEATHER_NODE
YE_MAIN_NB_156,NB,True,False,144.981,146.06,1079.4581480303898,WN_02_JEWAR,Jewar (Airport & Toll Anchor),28.1465,77.585,5950.81,NEAREST_CORRIDOR_WEATHER_NODE
YE_MAIN_NB_157,NB,True,False,146.06,147.14,1079.458148030742,WN_02_JEWAR,Jewar (Airport & Toll Anchor),28.1465,77.585,6991.55,NEAREST_CORRIDOR_WEATHER_NODE
YE_MAIN_NB_158,NB,True,False,147.14,148.219,1079.45814803065,WN_02_JEWAR,Jewar (Airport & Toll Anchor),28.1465,77.585,8044.49,NEAREST_CORRIDOR_WEATHER_NODE
YE_MAIN_NB_159,NB,True,False,148.219,148.878,659.4416559665995,WN_02_JEWAR,Jewar (Airport & Toll Anchor),28.1465,77.585,8896.27,NEAREST_CORRIDOR_WEATHER_NODE
YE_MAIN_NB_160,NB,True,False,148.878,149.895,1016.9026156309251,WN_02_JEWAR,Jewar (Airport & Toll Anchor),28.1465,77.585,9720.71,NEAREST_CORRIDOR_WEATHER_NODE
YE_MAIN_NB_161,NB,True,False,149.895,150.912,1016.9026156308958,WN_02_JEWAR,Jewar (Airport & Toll Anchor),28.1465,77.585,10723.08,NEAREST_CORRIDOR_WEATHER_NODE
YE_MAIN_NB_162,NB,True,False,150.912,151.929,1016.9026156308367,WN_02_JEWAR,Jewar (Airport & Toll Anchor),28.1465,77.585,11729.63,NEAREST_CORRIDOR_WEATHER_NODE
YE_MAIN_NB_163,NB,True,False,151.929,152.946,1016.9026156311791,WN_02_JEWAR,Jewar (Airport & Toll Anchor),28.1465,77.585,12736.7,NEAREST_CORRIDOR_WEATHER_NODE
YE_MAIN_NB_164,NB,True,False,152.946,153.963,1016.902615630705,WN_02_JEWAR,Jewar (Airport & Toll Anchor),28.1465,77.585,13749.09,NEAREST_CORRIDOR_WEATHER_NODE
YE_MAIN_NB_165,NB,True,False,153.963,154.98,1016.902615631022,WN_02_JEWAR,Jewar (Airport & Toll Anchor),28.1465,77.585,14758.5,NEAREST_CORRIDOR_WEATHER_NODE
YE_MAIN_NB_166,NB,True,False,154.98,156.133,1152.6643196308758,WN_02_JEWAR,Jewar (Airport & Toll Anchor),28.1465,77.585,15833.46,NEAREST_CORRIDOR_WEATHER_NODE
YE_MAIN_NB_167,NB,True,False,156.133,157.285,1152.6643196312132,WN_02_JEWAR,Jewar (Airport & Toll Anchor),28.1465,77.585,16977.65,NEAREST_CORRIDOR_WEATHER_NODE
YE_MAIN_NB_168,NB,True,False,157.285,158.483,1197.7283884710578,WN_01_GREATER_NOIDA,Greater Noida (Zero Point Anchor),28.448,77.502,16379.95,NEAREST_CORRIDOR_WEATHER_NODE
YE_MAIN_NB_169,NB,True,False,158.483,159.681,1197.7283884711323,WN_01_GREATER_NOIDA,Greater Noida (Zero Point Anchor),28.448,77.502,15184.35,NEAREST_CORRIDOR_WEATHER_NODE
YE_MAIN_NB_170,NB,True,False,159.681,160.73,1049.5863277176325,WN_01_GREATER_NOIDA,Greater Noida (Zero Point Anchor),28.448,77.502,14062.91,NEAREST_CORRIDOR_WEATHER_NODE
YE_MAIN_NB_171,NB,True,False,160.73,161.78,1049.5863277178219,WN_01_GREATER_NOIDA,Greater Noida (Zero Point Anchor),28.448,77.502,13015.78,NEAREST_CORRIDOR_WEATHER_NODE
YE_MAIN_NB_172,NB,True,False,161.78,162.829,1049.586327717981,WN_01_GREATER_NOIDA,Greater Noida (Zero Point Anchor),28.448,77.502,11969.15,NEAREST_CORRIDOR_WEATHER_NODE
YE_MAIN_NB_173,NB,True,False,162.829,163.934,1104.5081228854924,WN_01_GREATER_NOIDA,Greater Noida (Zero Point Anchor),28.448,77.502,10895.79,NEAREST_CORRIDOR_WEATHER_NODE
YE_MAIN_NB_174,NB,True,False,163.934,165.038,1104.5081228860963,WN_01_GREATER_NOIDA,Greater Noida (Zero Point Anchor),28.448,77.502,9795.77,NEAREST_CORRIDOR_WEATHER_NODE
YE_MAIN_NB_175,NB,True,False,165.038,166.143,1104.5081228856045,WN_01_GREATER_NOIDA,Greater Noida (Zero Point Anchor),28.448,77.502,8697.19,NEAREST_CORRIDOR_WEATHER_NODE
YE_MAIN_NB_176,NB,True,False,166.143,167.247,1104.5081228856432,WN_01_GREATER_NOIDA,Greater Noida (Zero Point Anchor),28.448,77.502,7599.18,NEAREST_CORRIDOR_WEATHER_NODE
YE_MAIN_NB_177,NB,True,False,167.247,168.272,1024.767681684918,WN_01_GREATER_NOIDA,Greater Noida (Zero Point Anchor),28.448,77.502,6536.53,NEAREST_CORRIDOR_WEATHER_NODE
YE_MAIN_NB_178,NB,True,False,168.272,169.297,1024.7676816852997,WN_01_GREATER_NOIDA,Greater Noida (Zero Point Anchor),28.448,77.502,5513.4,NEAREST_CORRIDOR_WEATHER_NODE
YE_MAIN_NB_179,NB,True,False,169.297,170.322,1024.767681685061,WN_01_GREATER_NOIDA,Greater Noida (Zero Point Anchor),28.448,77.502,4490.9,NEAREST_CORRIDOR_WEATHER_NODE
YE_MAIN_NB_180,NB,True,False,170.322,171.346,1024.7676816850146,WN_01_GREATER_NOIDA,Greater Noida (Zero Point Anchor),28.448,77.502,3467.47,NEAREST_CORRIDOR_WEATHER_NODE
YE_MAIN_NB_181,NB,True,False,171.346,172.371,1024.7676816851144,WN_01_GREATER_NOIDA,Greater Noida (Zero Point Anchor),28.448,77.502,2443.83,NEAREST_CORRIDOR_WEATHER_NODE
YE_MAIN_NB_182,NB,True,False,172.371,173.396,1024.767681685445,WN_01_GREATER_NOIDA,Greater Noida (Zero Point Anchor),28.448,77.502,1428.91,NEAREST_CORRIDOR_WEATHER_NODE
YE_MAIN_NB_183,NB,True,False,173.396,174.421,1024.7676816849403,WN_01_GREATER_NOIDA,Greater Noida (Zero Point Anchor),28.448,77.502,472.26,NEAREST_CORRIDOR_WEATHER_NODE
YE_RAMP_001,NB,False,True,,,463.48460717311843,WN_01_GREATER_NOIDA,Greater Noida (Zero Point Anchor),28.448,77.502,14806.49,NEAREST_CORRIDOR_WEATHER_NODE
YE_RAMP_002,SB,False,True,,,655.9288397127707,WN_01_GREATER_NOIDA,Greater Noida (Zero Point Anchor),28.448,77.502,15015.93,NEAREST_CORRIDOR_WEATHER_NODE
YE_RAMP_003,SB,False,True,,,144.76203064341453,WN_01_GREATER_NOIDA,Greater Noida (Zero Point Anchor),28.448,77.502,16549.22,NEAREST_CORRIDOR_WEATHER_NODE
YE_RAMP_004,NB,False,True,,,419.78452552842055,WN_01_GREATER_NOIDA,Greater Noida (Zero Point Anchor),28.448,77.502,16768.07,NEAREST_CORRIDOR_WEATHER_NODE
YE_RAMP_005,SB,False,True,,,745.6067305990085,WN_02_JEWAR,Jewar (Airport & Toll Anchor),28.1465,77.585,16828.0,NEAREST_CORRIDOR_WEATHER_NODE
YE_RAMP_006,NB,False,True,,,1293.3116920663017,WN_02_JEWAR,Jewar (Airport & Toll Anchor),28.1465,77.585,1417.97,NEAREST_CORRIDOR_WEATHER_NODE
YE_RAMP_007,NB,False,True,,,52.201700317247315,WN_02_JEWAR,Jewar (Airport & Toll Anchor),28.1465,77.585,1793.55,NEAREST_CORRIDOR_WEATHER_NODE
YE_RAMP_008,NB,False,True,,,13.988336726209235,WN_02_JEWAR,Jewar (Airport & Toll Anchor),28.1465,77.585,1805.81,NEAREST_CORRIDOR_WEATHER_NODE
YE_RAMP_009,NB,False,True,,,494.75744680739996,WN_03_TAPPAL,Tappal (Aligarh Border Anchor),28.025,77.625,3825.73,NEAREST_CORRIDOR_WEATHER_NODE
YE_RAMP_010,NB,False,True,,,45.81709701543812,WN_03_TAPPAL,Tappal (Aligarh Border Anchor),28.025,77.625,4008.15,NEAREST_CORRIDOR_WEATHER_NODE
YE_RAMP_011,NB,False,True,,,32.53746460727328,WN_03_TAPPAL,Tappal (Aligarh Border Anchor),28.025,77.625,3997.9,NEAREST_CORRIDOR_WEATHER_NODE
YE_RAMP_012,NB,False,True,,,8.284788492550046,WN_03_TAPPAL,Tappal (Aligarh Border Anchor),28.025,77.625,4025.1,NEAREST_CORRIDOR_WEATHER_NODE
YE_RAMP_013,NB,False,True,,,9.446524339254555,WN_03_TAPPAL,Tappal (Aligarh Border Anchor),28.025,77.625,4004.85,NEAREST_CORRIDOR_WEATHER_NODE
YE_RAMP_014,NB,False,True,,,41.9920708109167,WN_03_TAPPAL,Tappal (Aligarh Border Anchor),28.025,77.625,4027.33,NEAREST_CORRIDOR_WEATHER_NODE
YE_RAMP_015,SB,False,True,,,858.260322283733,WN_03_TAPPAL,Tappal (Aligarh Border Anchor),28.025,77.625,3365.35,NEAREST_CORRIDOR_WEATHER_NODE
YE_RAMP_016,NB,False,True,,,83.97312808623803,WN_03_TAPPAL,Tappal (Aligarh Border Anchor),28.025,77.625,3989.17,NEAREST_CORRIDOR_WEATHER_NODE
YE_RAMP_017,NB,False,True,,,68.5180029598875,WN_03_TAPPAL,Tappal (Aligarh Border Anchor),28.025,77.625,3994.85,NEAREST_CORRIDOR_WEATHER_NODE
YE_RAMP_018,SB,False,True,,,27.670241931852992,WN_03_TAPPAL,Tappal (Aligarh Border Anchor),28.025,77.625,2998.87,NEAREST_CORRIDOR_WEATHER_NODE
YE_RAMP_019,SB,False,True,,,41.80671406463937,WN_03_TAPPAL,Tappal (Aligarh Border Anchor),28.025,77.625,2987.84,NEAREST_CORRIDOR_WEATHER_NODE
YE_RAMP_020,SB,False,True,,,7.982204653309562,WN_03_TAPPAL,Tappal (Aligarh Border Anchor),28.025,77.625,2997.12,NEAREST_CORRIDOR_WEATHER_NODE
YE_RAMP_021,SB,False,True,,,8.397485999714096,WN_03_TAPPAL,Tappal (Aligarh Border Anchor),28.025,77.625,2972.79,NEAREST_CORRIDOR_WEATHER_NODE
YE_RAMP_022,SB,False,True,,,34.39008311080155,WN_03_TAPPAL,Tappal (Aligarh Border Anchor),28.025,77.625,2993.58,NEAREST_CORRIDOR_WEATHER_NODE
YE_RAMP_023,SB,False,True,,,36.20380767209378,WN_03_TAPPAL,Tappal (Aligarh Border Anchor),28.025,77.625,2980.43,NEAREST_CORRIDOR_WEATHER_NODE
YE_RAMP_024,NB,False,True,,,1010.598979114836,WN_03_TAPPAL,Tappal (Aligarh Border Anchor),28.025,77.625,3528.02,NEAREST_CORRIDOR_WEATHER_NODE
YE_RAMP_025,SB,False,True,,,554.4435830504187,WN_03_TAPPAL,Tappal (Aligarh Border Anchor),28.025,77.625,3101.26,NEAREST_CORRIDOR_WEATHER_NODE
YE_RAMP_026,NB,False,True,,,530.0273436299967,WN_04_MATHURA_RAYA,Mathura / Raya (Yamuna Basin Anchor),27.568,77.785,6374.66,NEAREST_CORRIDOR_WEATHER_NODE
YE_RAMP_027,NB,False,True,,,265.36535169615956,WN_04_MATHURA_RAYA,Mathura / Raya (Yamuna Basin Anchor),27.568,77.785,3678.39,NEAREST_CORRIDOR_WEATHER_NODE
YE_RAMP_028,SB,False,True,,,294.4247728359307,WN_04_MATHURA_RAYA,Mathura / Raya (Yamuna Basin Anchor),27.568,77.785,3599.05,NEAREST_CORRIDOR_WEATHER_NODE
YE_RAMP_029,SB,False,True,,,27.974347531976704,WN_04_MATHURA_RAYA,Mathura / Raya (Yamuna Basin Anchor),27.568,77.785,3600.61,NEAREST_CORRIDOR_WEATHER_NODE
YE_RAMP_030,SB,False,True,,,86.68032335706636,WN_04_MATHURA_RAYA,Mathura / Raya (Yamuna Basin Anchor),27.568,77.785,3608.14,NEAREST_CORRIDOR_WEATHER_NODE
YE_RAMP_031,NB,False,True,,,696.5275203360715,WN_04_MATHURA_RAYA,Mathura / Raya (Yamuna Basin Anchor),27.568,77.785,3692.83,NEAREST_CORRIDOR_WEATHER_NODE
YE_RAMP_032,SB,False,True,,,294.9212520369454,WN_04_MATHURA_RAYA,Mathura / Raya (Yamuna Basin Anchor),27.568,77.785,3664.91,NEAREST_CORRIDOR_WEATHER_NODE
YE_RAMP_033,NB,False,True,,,546.6052611311733,WN_04_MATHURA_RAYA,Mathura / Raya (Yamuna Basin Anchor),27.568,77.785,3880.68,NEAREST_CORRIDOR_WEATHER_NODE
YE_RAMP_034,NB,False,True,,,865.1038196026007,WN_04_MATHURA_RAYA,Mathura / Raya (Yamuna Basin Anchor),27.568,77.785,4370.94,NEAREST_CORRIDOR_WEATHER_NODE
YE_RAMP_035,SB,False,True,,,947.7483996589584,WN_04_MATHURA_RAYA,Mathura / Raya (Yamuna Basin Anchor),27.568,77.785,4425.44,NEAREST_CORRIDOR_WEATHER_NODE
YE_RAMP_036,SB,False,True,,,941.4199003498527,WN_04_MATHURA_RAYA,Mathura / Raya (Yamuna Basin Anchor),27.568,77.785,4638.73,NEAREST_CORRIDOR_WEATHER_NODE
YE_RAMP_037,NB,False,True,,,974.8491624123085,WN_04_MATHURA_RAYA,Mathura / Raya (Yamuna Basin Anchor),27.568,77.785,4705.77,NEAREST_CORRIDOR_WEATHER_NODE
YE_RAMP_038,NB,False,True,,,2733.390832624002,WN_05_AGRA_KUBERPUR,Agra / Kuberpur (Terminus Anchor),27.143,78.118,4570.92,NEAREST_CORRIDOR_WEATHER_NODE
YE_RAMP_039,SB,False,True,,,2715.1526635124233,WN_05_AGRA_KUBERPUR,Agra / Kuberpur (Terminus Anchor),27.143,78.118,4576.08,NEAREST_CORRIDOR_WEATHER_NODE
